UUAAGGAUUUUCUAUUUAUUGUCACAAAAGGCAUUCCUUUA,0
CCUUCAACAUGAAGAGCGCCGUGGAGGAUGAGGGGCUCAAG,1
AAGUUGCCCUAUUCCACUUCGUUUCUCUUCCUACAUUUCUA,0
UCCUUACAGAUCAACACAUUGUUAAGUUGAUCAACUCAUUC,0
CGGUAGCAGGAGGGGGCGGGGAGGUAAGCGGAGGCUCCGAG,1
CGAACGAAUAUAUUUAUUCAGAUCAUUGCUUUUUAAACUAU,0
UUGACAUCAGUUUCUGGAUAGAUCCCUAAGCCCCAGGUGGA,0
UUUGAGAAAAAUUCAAUUUUGUCCAUUUCAAUUUAGAAAAU,0
UGUUCCAGGAAUUUUCUUCAGUGAGCAUUUGUGAAGACUCG,0
AAAGGACAAUGUGCAGAUGUGGCCCUGGUGGGAUCACUGGU,0
GGGCCGGCGCGGCGGGCGGCGGCGGCGCCGACCCGGGCAAC,1
GGGGUGAGCCAGGUCCUCCUGGGGGAACUGGGCACUGUGGG,0
AAUCCAAGCAUCCUUCUACUGAUAGUAGAGUCUCAUUAUCC,0
UGGCCAUAGCCCCUCCUGGAGAUGGGGUCAAGGCAGCAGGA,1
CGGGAUUCUCGCCUGGCGCGGCUGGGGAAGGUGAACAGUGU,1
CAGCUAUGAAUGAAAGCAUUGCCUCCUUUCUUGUUGACCUG,0
UCUGAGUAUGUGCAAGGUAAGGAAGGUUAGGUACACUAAAG,0
GACAUAAAGUUUCUGAGUAUGUGCAAGGUAAGGAAGGUUAG,0
GGAGGAGAGGGCAAACGAUCGGAGGCAGCUGGACCUAGAGU,0
GAUCCCAGGUUGUCACCCAGGCCCCAGGUGAACACCAGGUU,0
CUGAGAUUUUCUAAAAUUUAGAAAACAACAUUAGUAAUUAU,0
GCUUGUGCAGGAAACAUCAUGCAUGGAGCAGCAUGGGGACA,0
CACUUGCAGCAAGUGAGACUGCACAGGAUGGCGAAUCCACA,0
CCGUACCAUUAGGCGCCUGGGCCGGAGGAGGGGUUUUCAGG,1
UAGGGUCUGUUGGCAAGGAAGUGAGGUCGCUUCUUUAAGUU,0
UUAAAAGGUAAAAAGACUUUGGGAUGACAGUUUCAGUAACA,0
UACCAGGGGCAGUGUGCCCAGUGGGCAUGGGGUCCCAGGAG,0
GAAUGGAAAGAGAAAGGUUGGAGAGAGAGAGGUUAGAAAGG,1
UAAACCAAGCUUCCAUACAAGACAAGUACUCCUUCAGAAUU,0
AGGCCCAAUGUGCAUGCCUAGUCUCUUGGAAUACAUCAUUU,0
GGCCCUGGCUUUCCACUUUGGAUGCCCGGGCAUCCGCUGCU,1
GCGUUCGCGGGCCCCCUCCUGCUGCCCGGGCCCGGCCCGCU,1
CGCCGCCGCGGCCAGGCCCGGCAUGGAGGAGGAGUGCCGGG,1
CAUUCUUACUUGAGGGAUCGGAAUGGAUGGGGCGGAGUUCU,1
GCUUGACAUGUUACAUCACAGUGCUCUAAAAGCUCUGUCAU,0
UUCAGCCAAUGAGCGGGCCUGUUACUAGUUUGCGGCAUCCU,1
AGCCAUUGGUAAGAAGAUCGGUGAGGAGGAGAUCCAGAAGC,1
CAACUGGAUACUAUUCCCCAGGUGGAUACCUAGGCUCAAGG,0
CUUUAAAAAAAAAAAAAAGUGCAGUGAUGUAGGGCUGUGGU,1
UGCACUCCUGUUCCUCAGCUGAAUGUCCCCUUCAUUCUGAA,0
AGUUCUAAUAUGGAGAUGUUGUGUGCAAUGCUGGCCUGUGG,1
GGCCAGGCAAGGGCUGACUUGAGAUACCUGCCAGAUGAGUC,0
UUUUUGUCUCCCUAUAGCUGGAACAGCUUUGGGUCUUGGGG,1
GUUGGGGGGUUGGGGGGUUAGGGCAGGGAGGGGACUGGGGA,1
CGCUGCCCUCAGACAUGCAAGUGAAAGGAGGAGGCUUCUGU,1
CGGGCCACUUCACGGGGCGGGAAGGGGAGGGGAAGAAGAGU,1
GGUGGGGGGAGGGAGCGCACGACGUGCGCGCACCCUCUCCC,1
CGCCAUCUUUCCGCGCCGGUGAGUAGCACUCUCUGAGAGCU,1
AGCCUCAGUGAUCGAGGAGCGGCGAAAGGGGGCAGAGGACC,1
GCUGCCCCUUUGCUUCCCAAGACAAAAAGGUAUGAGGCUGG,0
UCAGCCUCCUGAGUAGCUGGGACUGCAGGCACGCGCCACCA,1
AUUUGGGGGUGGGUGGGUAAGGGGGGGAGUGGGAGGGGACG,1
CAGCAGCAGCAGCAGCAGCAGCAGCAGCAGCAGCAGCAGCA,1
AAAAGAGAAGCUAUAAAAAUGCACAUGAAAUUACACUCAUU,0
CGAGAUACCCGAAAAGGCAGGCGGAAGAAGGAUGUGGAUGA,1
UGUGAGAUGGGAACUGCUAUGCACUCUGUCCUUGUUUUCUU,0
AAGGACCUGCCGCGGGACUGGCUCUGGGGCGGCUGCGGCGA,1
GGUGCGGCGGCCGCGCGCGCGGACAUGGGGGAGAAGCUGGA,1
GCCCCUGCUGUGGCCAGGGCGCUCCGGGACCGGGCCUGGCG,1
GAUGUUCACCAGGGGCCUAGGAAUCCACUUGCAGCCUGGGA,0
CGCGUCCCCGACAACUCCUUGUUGGAGGCCACAAGCCGUAG,1
GGCACUCUGAAAAAGGUACUGUGAUGCAUUUCAUUGGUUUC,0
CAGACUCUAUUGAAUAUUUAGUUUGAUGACAUUAUUUGAAG,0
AAGCAAAAUAAUUACCACUUGGGGAAUAAUCGUAAGGAAGA,0
CAAAUCUUAGGUCAACCUAAGAUUUUUUUUUACACUAAAAA,0
CGUGGCGGCAGCCACGACGCGCCCGAGAACACGCUGGCGGC,1
UUAUCCAUGGAAACGGUUAUGUCCACCUGGGGCUGGAUGUC,0
GGCCGCCUCUGGCAGCCCGGGCCCGGGCGAGGGCUCCGCUG,1
CCCAAGAACACCAGUCCUCAGGUGGGCACCUAGUCCUCUCG,0
ACUCAACAAGUAUUUUAAAAGAUCAAAAUAAGGGUAAGAGA,0
CCCCUCCUCGACUGACUGAAGAUCGAAAGAAGGCCUCACUU,1
GUCCCUGGAGAAGUGGGAGCGUCUGACCGUGGCGGAUGCGC,1
GUGGACCCCAGGCCCAAUGUGCAUGCCUAGUCUCUUGGAAU,0
UAGUUUCUAGAGAAAACAGUGGUUUAAAAAAUUUCAGUCAU,0
UUCGCGUCCCCGGGCCGCUUGUUCCCCGGGGCGCCCCCGAC,1
ACAGAAUUCUUCAGAUUCUAGUUUUGAGAAGAAUGUGGAAA,1
ACGGAGGCCGCGGGGUGGGGGCUGGGGGGGGUGCCGCCGAC,1
AUUGCCUCCGGUACUGUGAGGAAAGGACACGACUCUAUGGU,1
CGCCGCCUGCGCCGGCCCUCGUGGGGCUGCCGCCACCUCCG,1
GGGACCCACUGGAUGAUGAUGUUAAUGAAGAUCAGGGGGAU,1
UUCUUGGGACUGGAUAACUAGUUAAAGAUUCUAAAGAAAAA,0
AGAACCUGAUCGUGAUGAGCGUCUAAAAAAGGAGAAGCAAG,1
AUUUGGGGAGGAAUGGGUGGGCACAGUGGGGAGAGGCCUCC,1
CGGGCGGGGCCGGAAGUGCCGCUCCUUGGUGGGGGCUGUUC,1
UAGUAUAUUAUAAUCACUAUGCUAUCUUUGUUAAGGAUUUU,0
UGUGCCGCUAGCGGUGCCCCGCCUGCUGCGGUGGCACCAGC,1
AUGAGAAGUUGAAAGCCACAGAUCAGGAAAAGAGCAGAAAA,1
CACACAGGAUUUACUCAUCAGUAUUAGAGCAUUCGCUGUUA,0
GCAGUCCUCCGGGGUGGGUGGGUGGGCAGGGAGGGGCUGGG,1
AAAAAAUAUUUCCGAGAUAGGAGGGGAGGUGGCAGAAAUUC,1
CCUCUGCUGACUUUAUUGACGCUCUGAAGAAAGCCCGACUU,1
CUCAAAGUAAAGGAUCGGAAGAAGAAGAAGAAGAAAGGACA,1
CCCAGUGCUCAGUUUUGAAAGAUAGGCAAAAAAAAAAAAGU,1
GUCAGUAAUACAAAACAACAGUGUGCUUCUAUAAAAGCAAG,0
UUGUGCAGCGUAAGAAAAAGGAAGGGGAAGAAGAACAAGCA,1
UUUGUAGAUAGUGGAGGAGCGCCGGACUGUGGUGGACAGUG,1
CAGAGGGAGCUCCCUUUUCAGAUUAGUGGUGAAAUGGUAUC,0
CGACCCCCGGCCUCCACCUCGACGCAUUGCUGUGCCUUCCC,1
AGAAGUUUCCUGGACUCCUUGAUGAGCUACUGCUUUCGCUC,0
UCAGUUAAUUGAUUUAAUUUGAAAGGCUGUAUAAUAUAUAA,0
AUUAGUAUUGAAGGUCGAAUGGCCAAUGACAGGAAUGGGAA,0
GGGGGGACAUCGGAAAGGAGGGACCCCGCCACCCCAGCAGC,0
AUCUACUAUGUCCUCAUGAUGAGGUUCAUUUAUGCUAAAGU,0
CACUCCCAAGAUGUGGAGCCGUCAGCUGGAAGAGCUGGGCA,0
CUUUGAAAUCCUGUCCCUUUGAAAAUCCUGGGGUCGGGGGU,1
AGACAAAGGAGUAACUUGGUGAGGAAUGUGCAUUAGGAAAU,0
CCAGUUGGCAUUGCUCCCCAGACUGAACAGAAACCUGGCCG,1
GACUUCCAACUGGAUCUUGUGUCAACAUGGGGCCUGAUGUC,0
UAAAGGAAGAGAAGGUAAAGGAAGAGGUAAUGGACUGGUCA,1
GGCUUCAUGGUGUGGACAGGGAUCCAGGAGAGCUGAGUGGA,1
GGGCCCAGGUGGAGGGAGGGGAUUUGGGGGUUCAGACUGCG,1
GCAGCCCAAGGGGAGCGGGUGAAGGGUGUGGGUGCCUCAGA,1
CUCUGCAUUUUCUCUUUACAGCAGUUUUUAAAAUGUGUUUU,0
UCAGGGUGAAUUCCACCUCAGGCCUGUAUGUCCACCUGGGG,0
UUUGGGGAAGGGAGGGCAGGGUGGGGCUGAGGAACUGACGU,1
GUUUGGCAAAGGAAUAUAUUGAUCCGGAGACAAAGAAACAC,1
CGGAAAAGAAGCCAACACCUGCCUCAGGUUAAGAGGGCAUC,0
UCCCUACUGCAGUUCCUGCGGCUGGUAGGGCAGCUCAAGGU,1
CCGGGAGGCGGCGGCGGGGAGGGGAGAGGCUCUGAGAGGCG,1
CUGGUUCUUCCUGCCGCGCCGCGCCAGCCAGGAGCGCUACA,1
UCUCCACAGACCCAGCAGUCGAAGUUUGUGAACUGGCAGGU,1
GGUGGGGGGAGGGGAGGGGAGGGGAGGGAAUGAGGCAGCUC,1
CUUUUGGAAUAAAAAUUAAUGCUUAUCUAUAUAACUUGCCC,0
CGAUACCCAAGUCCCAGGUGGACACCAGGUCAAAGAUGAAC,0
ACAAAAAAACAGACUCGGAAGAGCAAGACAAGAGCAGGGAU,1
GAGGAAUACAGUACCUCCAAGAACAAGGGAUGCUUGGCACC,1
AAGCCCCCCAUGAACAAUGAGCUGGGAGACAACAGCUGCAG,1
AGGGGGCUCGUUGCCCUAUAGACGCCCUCCUUCCAUUACUU,1
GAAGGGCGGGUCAGCGCGCCGGCGCAGUGCGGCGGUCACAG,1
GCAAGAGCCAGAGUCACCAUGGAAGCAUGUCACCUGAGAGG,0
GUUUCUGGAUAGAUCCCUAAGCCCCAGGUGGAUAUCCAGUC,0
UAGGUAAGCAUGCAGUCCCAGGUGGACAUCAGGUUCCAGGA,0
CCGGGCCCAACGGCGGCGGCGGCGGCCCGGCCCCCGCGCGC,1
CCUUUUUCACUGGAAAGAAAGUGCUGCCUUCAGGGAGCACG,0
GGACACCAAGUCCUCAGGUCGAUACCCAAGUCCCAGGUGGA,0
UGUCAAUGAAAACAGUCAAAGCCAGUCAGGCACAGUGGCUC,0
ACUCUGUCUUCCAGAAGCUAGAUGUGGAAGAGCCAGACAGC,1
AGGCUGCAGUGAACACGGGAGCCCAGGUGGGUACCUAGUCC,0
CUGCCCUGGGGAUGGGCCGGGUUGGGGGGUGGGUUGGUGAG,1
AUUUGUCAGUAAAGACAUCUGAAGUUUGAUGGGUUUCUUGG,0
UGGGUAGAAGACCCCUCCCUGCAAUUCCCACACCCCUGGAA,0
GCCGCGGCCGCUCCCGCCUGGAGCCGCCGCGCGCCCCCAGC,1
GGUGCCGGAAGCGGGGCCUUGAGUGGGCCAGGCCACUCCCC,1
CCCUCUUAUGUCCAGCAAAUGCUGCAUGGAGCCCUGGAAUU,0
CUUUCAGGAUUUUCUUACUGGAGUGCAAUGUGAGAGAAGUA,1
AGGAUCAAGAUGGACAUCAGGACUCAGGUGGACAUCUGGUG,0
CUGGCUCAACAGCUGGCACUGGAAAUAGCUGUAUUUCUGCA,0
UCUAACAACUAACUUAUUCAGUUAAUUGAUUUAAUUUGAAA,0
GGCCCGGCCCGGCCUGCGUCGUGUGUGAGGAGGACCCCGGG,1
ACAGCAGAUUGCUGUUCCCCGCAAUGAUGAAUGGGCACGGU,1
AGCAAACACAGUCCUGGAGCGUGUGGAAGGUGCCCAGCAGC,1
GGGGUCAGAAGCGAAAAGGAGAACCUGAAGAUGAGGGAGAA,1
CCACCUCUUGUGGAGGGCCUGACAUCAGUCAGGCCCGCCCG,1
AGCAUGUAUUACACUUCAUUGUACCUUAAAUUUUUCCCAUA,0
GAGUUUCAUUAGUUUCUAGAGAAAACAGUGGUUUAAAAAAU,0
AGGCGGCGGGCCGCGCUCCGGCCGGUCUGCGGCGUUGGCCU,1
GGGUGGAAGAAGAUGGCGUCGGGUGGUGGUGGCUGUAGCGC,1
GUAGUGGAGGACGAGGAGGAGGAGGAAGGUGAAGAGGAGGA,1
CAUAUUGAACUUAAAUUCCAGUUUUCCUGGAAUUACUUGUG,0
AUCAUAUAACGAUAGAAGAUGCCAUAGUUGGAAAGGCAUAA,0
CCAAUAAAAAGUCUUCCUCAGGAUGCAAACUCAUUUCAUGA,0
CAAGGAUAAAAAAGUUCAAGGAAGAAGAAAAAGCCAAGAAA,1
AGAAUCCAGGUGUAUGUAAAGCCACUGGUUGACACCAAGCC,0
UGUGGCCCCGUGUCCACCUAGUGCCUGAUGUCCACCUGGGA,0
UUUAAUUGCCAGAAGUAAAAGCUUUUAUUUUACAUGAUUAC,0
CAGCUGCCUGCCCAACCCCUGUGUGAAUGGUGGCACCUGCG,1
UUGCACAUAUUACCUUCACUGAGUUUGAAACUAUCCAACCA,0
CCGAGGCCCCCCGCGAGCCAGCGCCGCGGGGCUGGCGGCCA,1
UCUGAACUUUCAGUCCUUCAGCUGUGGAAGAGGAUGAAGAU,1
CUAACUGUGCCUUUUUCACUGGAAAGAAAGUGCUGCCUUCA,0
GACCUUCAUCGACAAGAACGGAGAGACUGAGCUGUGCAUGG,1
GCGGUGCGCGGGGCUGGGCGGCGGCUGAGGCGCGUGCUCUC,1
AAGAACACGACCCAGCACCCGAACGUGACGACUUUAGCGCC,1
AAGGUUGACAUUAGUCCCCAGGUAAACAACAAGCCCCAGGU,0
CGCCGAAGCCGGCCCCGGCGGGGCUGUCCGGGGGGCUGUCG,1
UCCAGCACAUCAGUCCCGACGCUUCCUGUGAGGUGCACGCU,1
CCGGCUGGUGGAGCUGGCCCGAGAGGAGCUGGCGCGAGACA,1
UAUAUAAUAGGAUUGUACUUGACUACAUCAUAGCAUAAGUU,0
GCCUAUUAGCUUCCCUCACAGUUCUUAGGGAGAUAUAACUG,0
UCUCAUUACGGAAGGAUGUCGUGGAGAGGGAGGCAUUCUCA,1
AAAACUCUGCACUUGGCCUUGUGAGGGAAGCACUAUAGUUA,0
UGGGACUCAGCCUCUUGUCAGACCCUCCAGUAGCUCCAUCU,0
UUGAGGGGCUUUGGGGUGGAGCUGGGGCAAGCAGAGGGACU,1
CGGUCCCGGGGGAGUGAGGAGAAAGGGGGGGUCUUGGCGGC,1
AGGGUGCUCAAGCAGGGGUGGGGGAGGGGGGAGGUGGAAAC,1
CUUUUCUGGACUUCAACUUAGCUUGGUUUCUCUUUUCAAUU,0
UGACUAGAUUUUAAAUUACUGAUCAUAAUGUGUCUUAGUUC,0
UUUUGGUUGCUCAAAUAAAAGGAGCAGAUAUUUAAAUUCCA,0
UCUAGAGAAGGGAGAGGGGCGUGUGCAUGGGAGUGUGGCUC,1
AGAAAUGGCAGAAGAGCAUCGUGGAGGAGCUCUGUGCGUGG,1
GGACACCCAGCGCCCAGAUGGGCAUCAGGCCACAUUUGGAC,0
CAUCCCGUGGGUGGAGCUCGGAGGAAAAGUCAGCAUCAACU,1
AAAGAGGGACUUUUUUAAAUGUUUUUCCUUUCCAUAACACA,0
UUGAGGGUGUCUUCCACUCAGCAGGUACCGCAUGAUCUUUG,0
UACCAGCUGGACCUGCCCAAGGCCAACCUCCUCUUCAAAGG,0
GAAUGCACUGGUGAAUUAAUGAGCUGAUCUCAGUUAAGACC,0
AUCAUCAUAGCUAUAUUGCAGACAGACUUCAUUGCUUUUCA,0
GACUUUAACCCAUGAGAUCGGACACAUAUUUGGACUGCGAC,1
GAGGGAAAUAGAAGGGCUGCGUUACACAAAAUAAACAAUGG,1
GCAAGACUUCAGGGUGGGGUGGGCAUGGGGUGGGGGUAUGG,1
GGCAGUAUGAGAAGAGCAUCGUCAACUACAAGCCAAAGAUU,1
GGACUGUCGAAUGGCCCCACGGAGGGGACGGGCGGCCUGCU,1
UGGCCCCAAGUGGACACUCAGGCGCCAGGUUCACAUGAUGU,0
AGGGUCCAGGUGGACACUGGGUGCAAGAUGAACACCAGGUC,0
UUGGUGGGAAGAAGGGAUCGGUGGAGAAGUGCCCGCUGUGC,1
CCCUCCCGCCUUGCUCUUCUGGAUGGAUCCAUUCUCUCCCA,0
ACAAGCGCGACGCCCGGCGCGAGCUCAAGCUGCUGCUGCUC,1
GGGCAUAAUCUCCAUAUAUAGAAGAUGAAGAAACAUGAAAC,0
CGCGGGUCCGGACCGCGAGCGCGGGGGCCGACGGGUCGCCG,1
GGGUGCAAGAUGAACACCAGGUCUCUGGUGAACGCCAAGCC,0
AACCUUUAUAUAUUUCCCUAGCCAGGUGUACUGCACAUUUA,0
CAAGCCCCAAGUGGACACCAGGCCCUAGGUGAAUAACACAA,0
CACGGGAUUAAGAGAACAAUGAGAAAAUGUCUAGUAAUAAU,0
UUUCUCAUUUGUAGAUUUAUGUUGAAAUUGAGCGUGCGCGA,1
CUGGACAUCAGGCCUAAAGUGGACACCCAGGAUCAAGAUGG,0
ACCCAGGCUGGGGUGCAGUGGCGUGAUCUUGGCUCACUGCA,1
ACAUCAGAGUCCAGAUCAAGGUCACGUUCACGUUCUCGUUC,1
UACUUAAGCUGAAGAUUCAUGGGUUACAAAAAAUAAACAUU,0
UCAACUCUGCAGCUCCUCUCGCACCCAGAGGAGCUCCUUUC,1
ACUCAUUUUCAGCAAUACUUGUUUAAUUAGCCCAACUUCUG,0
AAUGCAAUGUCCAUUUGUCAGUAAAGACAUCUGAAGUUUGA,0
UAAAGUGGAUUAUAAAAAAUGAGGACAUGAAUAACUUUAAA,0
UAUCCACCUGUACAUUUCCUGAAUUUUGGCCAUUCAACCAU,0
GAAGCGGGGUGGGAAGAAGGGAGGGGAUGGGGUUGGGAGAG,1
AGAGGCGGGGCUACUCGACUGCUCUGGAGGUAGCGGCCGCG,1
UUCAGAUGGUUUGUUACUCUGACACAAAGAUGGAGUCCGGU,0
GCACCCCCGAACCGACCACCGAUCGACCGGCACCGCUGUUG,1
GUGCAAAGCGCCGCUAGCGGGAAGACGGGGGCCGGGCGGGG,1
GUGCAAGGUAAGGAAGGUUAGGUACACUAAAGGCUUCUCUG,0
AGAGGAGGAACGACGUAGAAGAGAGGAAGAGAUGAUGAUUC,1
AGCACCUCCUCGAUCCUUAGGUCCCAGCGGAAAAUGAUGCC,0
GUUCUGGAGGCUGAGCUACUGUCUGGGAGACUGCUUACAGC,0
UGAGUCAGGGUCGCGCCUCCGUUGGAAACUUGGGCUGAGUA,1
CCGCCCCUGGCUGCCCCACUGCUCCACCCACCUGAUCCAGC,0
CGCAUGCGCCGCGCUCGCUCGCGGGAGGGCAUGGCGGGGGC,1
AGAACUCUACAGUCCAGAAAGAGCCUGGAAAGUGGUUUUGU,0
AAUUACACCUCAAGAGUUUUGAAAAGGUAAGUUUGCUCAGG,1
CUCUGAAAAAAUAAAACUAAGGUAAACCCUGUUUUUAAAAG,0
UUCCACUAAUUUGGGGCAGCGUUGGGUGAGGAAAGUAUUGU,1
AACACUUUCAGGUUAAAAAAGUGUAUAAUGUAAUUUAAAUA,0
GCUUCAUGACCCGUUGUACAGACGGAGGAGCGAGCAACACA,1
AAAAUAUUCCCUUUGUUAAUGUUAUAGAAGGGGGGAUACAA,1
CCCGGUUUCUGGCGCGGUGCGAUGGAGGUAGUGGAGGCCGC,1
AACAUCUUGGAGAAAGGAACGGAAGGGAGAACAGGCCCAGU,1
GUGCACAACAGGUCACAGUUGGACAUUCAGCCCCAGGUGAA,0
ACAAAGUGGAUAAGAGCGCCGUUGGCUUUGAGUAUCAAGGC,1
GUGAAGGUGGUGCCAUGAUGGGUCUUGGUGCCAGUGACUUU,1
AUGUUACAAACCAUCUAUUUGAAUUGCUCCCUUCAUGGAGA,0
GGGAGGGCAGGGGGCGGGGAGGAGGAGGAAGGCGCUGGCGG,1
UUUUACUUCUGGACUAGUGUGUAGAGACUAAUACAAAACUG,0
AUUGCUGGGACCACUCAAAAGAUAGAUGUAAAAGUAAAUCU,0
CAGGGGGAGGCCCCCGCUGAGAUGGGGGCGCUGCUGCUGGA,1
GGAAGCUAUGCAUGUUGCAAGUUUCACUAAAGAAUAUGAUG,0
AUAUAAAACCUGUUUAUGAUGUUCUGCCAAAUGAAUAUCAC,0
GUAUUUGGAGAAGUAGAUCGGUGAGCAGGGGAGCAGCGUUU,1
CUGUUAAAGGUGACUUUGCUGUUCUACUAAAGGCUGGCAUG,1
UUGAUUUUGGAACCAAAUUUGGACUCUUGACUCUGAAGCAC,0
GUGGACUCCUGGGCUGCAGAGGGGCUGCCCACUUCUUCCAG,0
CCACUCUGUGCUGCAGCUCAGGGGCUGGGUCUUCUGCUGCA,0
UACAUAAAAACAAAUUAACUGCCAACAAAACCCUACCACCA,0
CUAGGUCCAACACCACAUUUGGAUAUCUCUUAACUAUAAAU,0
AAUCUCAAGAGCCCAAUUUGGAAAACAUUUGGGGGCAAGAA,1
CUGGCCGACCGCGUCCUGCAGUUCUUCCUGGGGACCCCGAA,1
AGGUAAAUAUGCUGUACUGUGCAUUACUGGCAUACUAAAAU,0
AUUUGCAAUCAGCAAAUACAGAACACAUUUAUACAAAGUUC,0
UUUAAAUGAAAAAAGAGAAGGAAGAGGCUGAUUGCUGGAGU,1
GGCUCCCGGUGGGGGCAGCGGUGGGGAGGGAGGGCCUGGAC,1
UUUUCUUCCAGAGUAGCACAGAAGAGGGAGGAUGCUGUUUC,1
GUACCUAUGGAGUAUUGUAAGAGCUAAUUGUUGGAGAUGAA,1
ACGCAAAGUAGAAGAGCAGCGUGAACAGGAAGCUAAGCAUG,1
GUGGGAUAGGAGCCUCCGGAGCUGGGCAGUAUUUGGGCUGU,0
AACCAGAGAUUGUCUUUCCUGUUGGAAAAGGCAAUCACUAG,1
UGGGGCUUGGUGAUCACCUGGGAGCCAGAUAUCAACUUGGG,0
UUUUUUUUUUUUUUUUCUCUGCCCUCUCCGCGGCGUGGUGU,0
UCACGCUGCCGCCGCUGAGAGGCGGCCUGGGCGCCGGCACC,0
AAGUUGCCCAGCUUCAUUAAGCUUAAACUCUUCUGAAGGAG,0
GUGCACUUCCCCCACACGGCGCCCUGUGAGGUGCGCGUGCU,1
AUGGCUACAGACUCAGAGCAGGGAACUGGUUUGGAUAAAGU,0
GUACUUUCUAAGCAUUUCCUGAGUCAGCCUACUGUUUCUCC,0
CCGCAGGGUCUUGGGCGUCGGUCGUCGGUGGGGUCGGAGCU,1
AACAACAACCAACCAAUUCUGCGUUUUGAGUGUAAAUUACC,0
UCUUGUAUAUAUAAUUCUAAGAUAUAACAGUAAAUUAGAGU,0
GCUUUGCUCAGAGAGGGUGGGAAGGGGGCCUGGAGAGACAC,1
CAGGAGAGCUAGCAAAAACUGCAAUAUGAUGUGUAAAGUCA,0
AACUAAACAAAAAUAUAAAAGGUUGAGUUAUAAGUAAAUAU,0
GCUUCUCUGAAGCUCAAACAGAAAUGUAUGUAAGCUUUUAG,1
UCCAGGGUGGGUGGGAGUGGGCUGAGGGCUCGGCCCCACUG,1
ACGCGCUGCGGGGCGGGGCCGCGGGGCCGGGUCGCGCGAGC,1
GAGGAAGAUGGGGGCAAGAAGAUCACGCUCCCCGCCUGUUC,1
AUUUUAAUUUUAUCUACUAUGUCCUCAUGAUGAGGUUCAUU,0
AGGCUGACCUGAGGAGCAUCGUGGAGGAGAUUGAGGUGUGA,1
GUUCUCUGAAUUUCUAAAAAGAAAAAAAAAGCUUUUUAAUA,0
GUACACCCAGGUCCAAGGCAGACACGAGUCCCCAGUAAAAC,0
GGAUUCACUUCUUCUCAUCUGUUGUUCACAGUGACAUCAGA,0
UUCCAUCCUGCGGGAUCCCAGGUCAGGAACAAGGCCCAGGG,0
GGCGGAAACGCGUUUUGCCAGUUAUGCGAAAACAUGGCUGC,1
GGGCAUUCAAGAGGAUGAGUGCAGCAGAACGCGUAUCCAGG,0
GCUACAGUAGUUCAGAAGUUGUUGGAUCAGGGAGCUCUACU,1
CAAUGCUUUUGUUUUUUAGUGCGUUCAAGAUUCAACUUCAC,1
GCUGAUGGGCACCUCUGUUGGUUCCAUCAGCCAGAGCUCUG,1
CCCGGGCCGUGAGAAGGAGCGUCGGGCGGCGGGAGCUGGGG,1
AGAGCCACAUGGGUACAGCAGAGGGGAGCCUUUUACACACC,0
GUGGCCACGUGCUGGCUGCGGAACCCAGGGCAGGGGUGGGA,1
UUGUGCCGCGCCAUCGUCCGGUCGGGGGCUCGCCUCGGGGU,1
CUAAGCCCAGAGGAAAUAAUGGUAAUUGGAACCAUAUGACC,0
AGGCUAUUCUCGGCCAAAGUGAGCCCCAGCUUAAGGGCCUG,0
AACGCACUUAUCAAGGAUCGGGAAGGUUAUGCUCCUGGCAC,1
GUUGUUAAAAAGAACGACAAGAAAGACGUGUGAAAAGAAUA,0
AAGAACAGGAGCGAGAGAAGGAGAGGGAAAAAGACAGAGAG,1
GCGCGGGCCGCCGGGCCCGAGGCCAGAGCCAUGGGCGAGAC,1
CUGGGGUUCAGUUGGGGCCUGCUGUACAUGUGGGACCUUGG,0
UAUUUUAAAAUGAUGAACUAGAAUUAAUUAUAUAAAACACA,0
CAGCUGCAUACCAGUCCCCAGGUUUACACGAGGCCCCCAGU,0
CGCUUGUCCACCGGAAGCGAGUUGCGACACGGCAGGUUCCC,1
GAGCACAAGAAAUUUGUUCAGAUACUUGGGGAUCUUGGUAU,1
GAGGGGAAUCUGCCCCUGGUGCUGGCACUGGCUCAACAGCU,0
GCCUUCCUGAAUCACCGCAAGAACAAGUUCCAGUGUGGCUU,0
GAGGACCCUAGAGCAGCGUCGUGGGGGCCAUGGCGGCCGCC,1
AAUUUCAGUCAUAAGACAUUGAAGAGUCUAUGACUGUUCCA,0
AUCGCCAAAAGAAAAUCUUUGAUCUACAGGACUGGACCCAG,1
AUGGAUGACUGUGUGUAAUUGAAAGGUGCUAUAGGUGGUAC,0
AUGAGCUCUGACAUGGCCUUGCAUGGACGGAUUGGGCAGGA,0
GGCUGGACUGUUCUAAGUGAGUUCGGGUGGGGGAGCUUCAC,1
CAGCAGCAGCUGCUGCUGCUGCUGCAACAGCUGCCUGGACA,1
CCUGCAGCUGCUCGCGCGCAGUCGGAGGCGGAGAAGGACGA,1
GGAUUUCAGUUGGGAGUUAGGAGGAGAGUAGGUGAGAUGAU,1
GUUGACUACCUGGCCCCAGGGGGACACCAGGCAUUCAUGAA,0
ACCCACCAGGGUGCAGCUGGGCUCCAGGGUCCAGCCCACAA,1
UUUAUCUACAGUUAUCUUUUGAUUACAGCAACAGCUCUGGG,1
CAACUGUUUUGGAAACCUUAGACCUAGGUCAUCCUUAGUAA,0
UGCCCCUGACGCUGGCCCUUGGGGCCUUCCUGAAUCACCGC,0
CAAGGCCCAGGUAGACAGCAGGCCCCAAGUGAAGACCAUGC,0
CCUUAUAAAAUGAAUAAUGUGAAAAUAGCACUGGGCCUGAG,0
GCCCCGCCGCGGGCGGCCCUGCAGGGACAGGGGCCCUCUCC,1
UUUCGCCGGAAAUCCCGGAAGUGACAGCUUUGGGGGUUUGC,1
UCUCAGCAUCCUGGAUAAUAGAGUUCAUCUCCAGUUCAAAU,0
GAUUCCAAUUCUUUGUAAUUGUCUUCAGAGCAGCCCUACUA,1
AAAAGAAAGAAAAGAGAAAGGAGGCUGUGAAGAAAGUGAUU,1
ACAGCAACAUUCAACUCCUUGAAGCCAGCAUUAUUAAAGCA,0
AUACAAGUAAAGAAGAUCAAGAAGCCACAAAAAGCAAUUCC,0
CAGACGGCGACUACGACUACGACCAGGAUGACUAUGAGGAC,1
GAAGGUCGGUGUAAGUGAAGGAAGAGUGAGGUGUGGCUGGA,1
CUCUGAUCCAGGAGUCCCCAGAUGAUGAUGAGGCAGCCUCA,1
AGGAGUUUGAGACCAGCCUGGCCAACAUGGUGAAACUCCUU,1
AGUCUCAUUAUCCUUCCUCAGAUAUAUGCAGUGAUGAAAAU,0
GAAGCACCAAUUUACAUUCUGACAGUUUUGUGGGGAGAUGA,0
GUGGGAGGGAAUAUUUGAGGGAGGGCUGGGUCUUAGGGAAA,1
UUGCAGAGAUGGUGGAGCUAGAAAAAAAAAAAAAAAAGCCC,1
AAAGAGGGUGGCUGAGGUGGGGGAGGAGCCCAAAAGGCAUU,1
AGGACACUCAAGGGUCAGAAGGACACCCAGUCCCUAGGUAA,0
CAUUAUACUGUUAGGUUAAUGGAUCAUUGGUUUAUCCACCU,0
CAGAUGUGCACCCGGAACCUGGGCAUCCACCUGGGGCCUGA,0
AGCAACGCACGAGCCGGCUGGGCCAGGACCUUGGGGCUGGG,1
CUCUUAGGAAACAAGAUUCAGAACUACUAGGAUUAGGUGAA,0
GAUGAUUCUAGAGCUGAGUUGGAGGUAAGGGCAGGGGGUUU,0
GGACAACACCGUCAGACCGGGAGACCAGGGCAGCUCUUCAC,1
AACAUUACAAUCUCAUUUAAGAAUAUUUUUUUAGGAGGGAG,0
GAGUUUGUGAUCAGUGAUCGGAAGGAGCUGGAGGAAGAUUU,1
AUGCCGCACGCUGCUCAUCCGUCUCCAUGUGUGUUUAGAUC,1
UGGCUUAUGGAUGAGGCUAUGACACAGGGUUGUGAAGUUAU,0
AAAAAUAGUGUGUUAAAAAAGUCAGUAAUACAAAACAACAG,0
UGUGGCCUCAGCUCUAGGGAGAUGGGCCCUAGCUGGAGGCA,0
CGCCUCCUGGCCCCCAGCCAGUUCUCAGAAACGUGGCUGGG,1
AAGAAGAAACCAUAAAAAAAGAGCUUCAAAUAAAUUUAAGG,0
UGAACACAUAGUCUUAGGUGGACAUCAGGCCCCACAUGAAC,0
UCCCUCUCCCAGACCAGCUAGUUUGGGGCUGGGGAGCUCAG,1
CCAGAGACUGGCAGGCCUCGGCCUAAAGGUAUGGUUCCCAC,1
UCCCGCCUCAGCGGCCGGAGGACAUGCGGGAGAGAGAAUGA,1
AUUCCUACAUAUAUGAGGCAGACGGAAGAUGUGGCAGAAGU,1
GUGCUUGCCAUGAAAAAAAAGUACACAUACACACACAUACA,0
AAGUACCAGUGGACAUCCAUGUUGCAGGUGGACACCCAGCG,0
CUAGGAACAAAGAUUUAUAUGUAUGUAUGCAUACACUACUU,0
AGCAGGGCAGGGAGCACAUUGCCUAAAGGAGUAAGCCAGGG,0
UCUUCCGAUCCCACCUACACGAGCUCCCUGGUAAUGCUGGG,1
UGUCCCUGCAGGCAGACCCAGGAAGGAGCUCAGAGACAGGA,0
CGCCGGCGCGGAGCGCCGCGGGGCAGCGCGGGGUCGCCAUG,1
CUAAGGCCCGGUGUUUACAUGGGGCCUGUAACACGAGGUUC,0
CAUGCGUACUCAGGUGCGCCGGUAGGGGACGCGCCGGCACA,1
UGCAUGCUAUAUCUUACCUAGAGUCUUUGUUCUUAAGAAUC,0
AAGUGUAUAAGUUAUUUUAUGAAACCAGAAUCACUCCUUUG,0
UAAAAUCUAAACAAAUUUUUGAAAAUACCACCCAAAAUAUU,0
CCGCACCGGCUCGCGCACCGGCUCCCGGGCCGGCUCCCGCC,1
GCUGCCUGGCGGCGGGGCGCGGGGCACGCUGGGACGUCUCG,1
AUUGGUGGUUUCAAAAAAUUGUAUAUUUGUUACUGGCAUCU,0
UCGGCUGCUGCGGCCCCGCAGUGUGAACGUUGGCUGCUGCC,1
ACAUGUCCUUUGUGCCUACUGCUAUGAAAAGGUGUGCAAGG,1
AGGAUCCCGUGGGGACACAAGUGUCAGGAUAGAGGCACUUC,0
GUGGCAGCUGUGCCCUUCCUGGUCCCUGCACACAGACCCAC,0
UCAGUGACAAAGAAAGUAAGGAGAGCAGUGUUGAGGGGGCA,1
GAAGACGAAGGUCAUAGAUCGGAUGGAGGGAGCCAUCAUUC,1
GGUCACCCUUGAGAAGAACGGAGAGGUGGUGUUACGCUUUG,1
UGUCAUGAACGAGCUCUCCGGCAGCGACAACGUGCCCUACG,1
ACAAAUGUUAGAGGAGGCGCGACGACGGGAGGACAAUCUCA,1
UCCCUUAGCCGAGGUCAAGCGCGUGGGAGACACGGUGCUGG,1
AUGUGUGCCUGUAGAGGGUGGGGCAGGGUGGGGUGGGGAUG,1
UAAUAGAAACCACAAUUACUGACAUUAAAUAUAAAACAAAU,0
GUCAUGCGGAAGAUGGCGGCGUCCAAGGGAGGUUGAGGGCU,1
GUUCUUAGCUUUUAUUUAAUGCUUCUAAUGACUUUAAAUUG,0
CUGCCACAGAGGGGAGACCUGACCCCCCUCCCUUCCCUCCC,0
UAGGUUUACACCAAACCUCAGGUGGGCAUCUGGCUCCAGAU,0
CUCAGGUAGACACGACUCCAGGUGGGCAUCAGGCCUGAUAU,0
AAGACGAGAAGAAGAGGAGCGUUGGAGAAUGGAAAUGAGGU,1
AAAUCAAUGAGAAAUGCAAUGUCCAUUUGUCAGUAAAGACA,0
UUCUUAUUUGGAAAUACAUUGGUCUUAGUUUUUCUGAGUCC,0
ACAAUAAAUGUUGCAAUAAUGAAAUGAAUGUUAAAAAUAAG,0
AAAGUAAAUGUACUCUCAAAGAAACAAAACUAUUAUUCCUG,0
UAUUGGGUCUAGGUAUUUAUGAUUAGGAGAAGAAAUGAUUC,0
UAUCUAACUUACUUAUAUUAGCCAAAUUUCCUUUCAAUGUA,0
GUAUUAUUUGGGGGAGGGAGGGAUGGGGAGGGGAGAAAGGG,1
UGUUUUAAAAUACAUAAAAUGUUUUCAGCUUUUGACCUCAA,0
CCCUGCGGCCUCCUGAGGUGGUUUGGUGGCCCCCUCCUCGC,1
UAAUAAUUUUAGGAAUUCGAGAGGAGAAAACAGGAGAGAGA,1
GGGCCCCAGGUGGAUACCUAGGCCCCUAGUAAACCUCAGAU,0
UCCUAUGCAAGAUCAACAAUGGAAGAACCAGGAUGCAAACC,0
UGUCUGUUACAGGAGAGAAGGAGGACGAGGACGAGGAUGUG,1
GGUCCUAGGUGGGUGUCUAUGCUUCUGGUGAACCUCAGGCC,0
AAGAGAGAAAAAUAAAUUUAGAUUUCAUACAUACAUAAAAU,0
UUUUUGCUUUUUCUAGCAUGGACUGGAGGAAACAGCUGCCA,1
CAGGAAAUUGAGAAAGAACGGAGAGAAAGAGAGAGGGAGCG,1
CGAGGGCGGCGGGGACCGCGGUUUGGGAGACCGGCCGGCGC,1
GUUCUGGGGGGUUUGGGGUGGGAGGGAAUGCAGAUGGGAGU,1
GGAGAAAUUUGAAAUUCUUAGUUAAGCUAUGAAUAAAUCCU,0
AGCUGCGCAGCGCCGGAAGCGGCGGACGCAGGAGGCCUCGU,1
UGGCUUCUUCCUGGUGCGUCGUGAGAAUCCAGAGUACUUUC,1
ACAGUAGAAACAGGAAGUGGGACCAAAACAAAGGAGCGGCG,1
CUGGCUGCAGGUGGACAUCAGGCCCCAGGUGGAGACCCAGU,0
GCCCCCCUCCGCAGGUCCGCGGUAACAAGCCCAGCUGCCUG,1
GGCCAGCUCCAGGGACCCCAGUUGCAGGGCCCAAGCAGGUG,1
UGGGUGUCUAUGCUUCUGGUGAACCUCAGGCCCUAGUGGAC,0
UCUUUGCAGCCUUUGUGCCUGCUCCACCUGUGGCACCUGUC,1
GGAAGCAUUGUCCCCAUAUAGAUAGCUGAAUUUUAAUUAAA,0
UCUAGAUGACUGAGAAGACUGUUAAAGCAAAAAGCUCUGUU,1
GCUGGGCCUGCUGGGCGCAGGUGCCAGCCUGAGGCCCCGCA,1
CAAAUAAAUACCUAUAUAUAGGCAAAGAUUUCCUGCCCAAA,0
UGUGAAGCUGGAGGAGGAGCGGCGGCACCGGCAGAAGCUGG,1
GUGCGUGGCCUGCGCGCUGCGCGCCGGGCGCGCCCAAUACG,1
AUUUAUAGUUUAACUUCCCAGAGGCUUUGGUGUCUUUUUUU,0
ACAACCUCAUUGAAUUUAAAGGAAUUUCAGCCUGAAAACAU,0
GGUGACCUUCAGGGGCCCGGGUGGCGGGCGCAGGCCCCUGC,1
GCAUUUUCCAAGGCUGUUUUGAUAACCCUGGGGUGAUAAGC,1
ACAAGAAAACAAACAAAAAAGAUAUGAAAAAGAUAUAAAGA,0
GAAUAUACAGUCAUAUUAUUGCUUUUUAAAGUCAGUGUAAU,0
GGAGUGUAGGAAUUCACGUGGGGCCUGGUGUCCACCUUGAG,0
AUGCCUGUCAUGGUGCAAUUGUACUUACAAUAUUUACAAAU,0
AACGCCAGAAAUCAGUUUCUGAUCCAGUGGAGGACAAGAAA,1
CUAAGACAUAGGCAGUGGAAGGCUGAAUUCAAGAAAAAGUC,0
UAAGGUCCACUGGAGACCCUGCCUUUCUUGCUGCCCCUCUC,0
CGGGGCCGGGGCGGGGCGGCGGCACUGCGGUGAAAGCCGAG,1
AAUAUAAGAAAUUUAAACUAGGAAAUAAAAGACUAUGGAAG,0
UUUAUGAUGUUCUGCCAAAUGAAUAUCACUCUUAGAUUUAA,0
UUGUUUUGAAAGUAGCGUUGGAAGAGUUGUUGGGGGUUUUU,1
AUGAGUUUUGAGGAAGGACAGUAAAAAGUAACCAUGCAUCU,0
ACUAAUUUCAAAAUUAUUAAGGAAAGGCAAAUAUUUAGAUU,0
UCUGAUCUUUGGAUUCUUAAGGAAAAAUUUUAUUGGACUGC,0
CCCCCUCUUGGGGAGAGCCUGGUUUCUGUGGCAUGCAGAAA,0
ACAGAUGACAUAAAUAUAUUGAUUAGAAAAUAAAAUAUGAU,0
CUCCUUUGAGCCCGUCAAGAGCUUCUUUAAGGGCCUCGUGG,1
AGAGCUCAAAAGAAAGCCCAGAUAGAAGAAGAGAAAAAAAA,1
UUUCUUUAUGUUUUAUGUUUGCAAUAAGGAUUAUUUAAGUU,0
GAGUUCAUUUUUAAAUUCUUGUAUAUAUAAUUCUAAGAUAU,0
CUAGGCAGGUUCCACACCCAGAGCUAGUGGUCAGGAAUCAA,0
CAACAUUAGUAAUUAUAUUUGUCUACUAUAGUAAGUAUAUU,0
UGCUGAGAUGCAGGUCGGAAGAGGCAGGGGAAGGCUCCAGG,1
UAGAGCACAUAUUACCAUUAGGUAACAUGCUAAUGGUUUAU,0
AGAAUUAAAUUGGACAUACUGCCAGAAAUUACAACAAUGAA,0
GGGCCCUGGUUACGGAAGCCGAGGAAGGCUGAGCGCGGGCU,1
GGGAAAUAUUUAAAUUCAAAGCAUUCUUUUUGCGAUUUUGC,0
UCUCCAGGCUGGUGAGAUUGGAGAGAUGAAGGAUGGAGUCC,1
CCACCCGAGGUGAAGGAGCGGCUGUGGAGGGCUGACAAGGA,1
CGCCGCACAGGAGCACCGCGGCCACGAGCUGGUGCCGCUGG,1
GACUUGGUCAGGGAGGGGUGGGGGUGGGCAUCUCUGGUACC,1
GUGUAUAUGAUGAAGAAGUGGAGGAGCCAGUACUCAAGGCU,1
AUCUAACAUAACAAAAUUUUGACAUUAUUUGGGAGAUUGGA,0
CCUGCCCUGCCCUGCCCUGCGCCCGGGGCGCGCCCACCGCG,1
GAAAACAUCCCACUAAAUCAGAUGAAGAGGCAUGGGAGGAA,1
UGCAGAAAGAGGUUAUGAGCGUCACAGAGCAAGUCGAGAAA,1
UUCAUAAGUACAACAAACAAGCACCUAACAGUAGAAUUAAA,0
UUUUUUUUAAGCACAAAUGUGAAUUGGGUAAAGAAAGCUGA,0
AAGCCCCAAUUGGUCAUCAGGCCCAAGGUGGAUACCUUGAC,0
GGGCCGCCGCGCCUGGCUGCGCUCAAGGACGAGCCACAGAC,1
CAUGUGGUAUCUAAUAAACAGUCUUCAUUCACUAGAAACAU,0
ACCUUGCAAGCAUCCCAUGGGGCGGGGGCGGGACCAGGGAG,1
UCUGCCCUCGCCGCUUCCGGGAUGCGGGUGAGCUGGCCCAG,1
CUCCCCAGCACGAGCGGCUCGGAGGGGGUGCCCUUCCGCAC,1
GUGAAAAUGGACUAAUACAAGGUCUUAGGAUAACAACCAUG,0
GGGACACAAGUGUCAGGAUAGAGGCACUUCUUCAGCCAGGU,0
AAGAAACUGUAAGUCUCCCAGGACAUUCCCUCCAUGUAAGC,0
AGGACAACAACAACAAAUUUGAAUGUUUCCUUUGUGCCUAU,0
UGGCAGGAGGGGCUCCCCCUGUUGCGGGUGAGGCGGCUGCU,1
CUCCCUUCAUGGAGAGCCUAGCUAGGCUUUUAUAGAGACAA,0
AUAGUGCUUGUAGCUUUUCUGUAAUUUUUAUUUUACUUUUA,0
GCACUGUCAUGUCUCUAGCUGGGAAAUACACAUUGAACAAC,0
GUGACCUCGACGACCAACACGACUACGACAGCGUGGCCUCU,1
GCCAUCAUCAGGCCCUAUGUGGACACCCAGACUCUAGGCAG,0
CUACAGCACAUCCCACGAUCGCUCCGUGAAGGUGUGGAAUG,1
CAUCAGGACCGCAACAGAGAGUUUUCCCCUGUGUGGACAGG,0
CCUCCUCUCGGGACUGGUAUGGGGACGGUCAUGCAAUCUGG,0
CAACACCUGCCUCAGGUUAAGAGGGCAUCCAUAUGGAAAAU,0
AGCCACUGGAAUUGUCACACGGCGAGCACAGAGGGCCGGCC,1
AGAGUUAAUGCGAAGAGGGGGAGGGGAUAGGACGAAGAAAC,1
CACUGUGUUCAGUCUAUUUUGUAUUUUUUAAUCUACCGCAC,0
CUCCGGAGCAGCGUGCUGCAGCUCCGCGAGACGGUGCUGCA,1
CAGAAACACCUGUACUGUUGGGGCCCGGCACAGGCUAUUCU,0
AGAAUGUAAGAGAAAUACACGCAAGAGAUCAAAGCACUGAC,0
AGCUGGGUGACCUCCUCCCUGUCUACUGUGAUCCUACGGGG,0
CAGGUAAAAAAAAAAAAAAAGACCACUGUUGAAUAAUGCUU,0
UAGAAAUAACAGUAGAAACUGGAGAAGAAGGUAAGGUAAGA,0
CAUCAAGAAAAAAUGAGACAGAAGAUCAAAGAGGUGGAGGA,1
UGGAAGAAACCAAAAGAUCGGACCCGAACCACUGAAGAGAU,1
CCUUAUAUAUGUGGACUAAAGAAAAUAAAAAUAAACUUGGA,0
AGCGGGUGGAGCAGAUGAAGGAGGAGAAGAAGAAGCAGAUU,1
AACCAAAGCGAAUUUUAAAAGAUGCAAUGUAGAGGGGAAAA,1
CUGGCGCAGCUGAACCCCCUGUUCGGGCCCCAGCUGAAGAA,1
UUAUUACCAAGAGAGUGGACGUGCAGGUAUGUAGGACUCAA,1
GCGGAGAGCCGUCCUCGGCCGAGGAGGCUGGGAAACGCGAG,1
CUGCCACAUGGCCCAGGGCCGCUGGGAGGCCGCUGAGGGCC,1
ACGUAAAAUGAGGCAUAUCUGACCUCCACUUCCAAAAACAU,0
GCUGCCCUAGGCUUAUGGAGGAACACGGUGGAGAGGAAAGA,1
UAAUGGCAAUGUCAAAAUAUGAACUUCUAUGGUACGAUCAC,0
GCCCUGCCGCCGCCGCCGCGGCCCAGCGAGCGGCCCUGAUG,1
CUCAGGACUGGCUACCCCCAGGAUGGAGGGGUGGCAUGCCA,0
AAUAAUGAAACACAAUAAAAGCAAAUACUUAUGACUUUUCA,0
UUCUUUUUUUUUAGGGUGUCGGUUGGUGGAAAUAUGAAUUC,1
UCUCUUCCUACAUUUCUAAAGAGAAGAGACACAAAUAAAUA,0
AGCUAGUCUAGGAGGUUAACGUCGGGUAGGAAUGCUGAUCA,1
CUGAGGCCCGUGGCUCUACAGGAGGUGCCAUGAAGUCAGGC,0
GAUCAACCGCCGGGGCUGUAGGUGAUGGCUCAGGCACUGGA,0
GUUGAGGCCCUGUGGGGGAAGACUGAGGAGGAGGCGAAGCA,1
GAAUUCACGUGGGGCCUGGUGUCCACCUUGAGUGUGUGUAU,0
AGUAUACCAAAAAUAAAACAGAAUAUGAAGAAGCCCAGGAU,1
CAGCGAGUUCGGUUGCGCGUGACGCACCGGGUGGGAGCGGA,0
AAUUAAAUAAUGUUUAUGAGGAAAUUAUACUGCUAAUGUUU,0
CCAGAUUAGUAUCUAAUAAAGAAUUAAUAAAGAAUAUGAAU,0
AAGGCAACUCGCAAAGAUGAGAUGGAAGAAGGCACGUGAGC,1
UCAGACUUAAGUUCUGUGGAGACGUAAAAUGAGGCAUAUCU,0
UGGCCCCAUCAGGCACCUCAGCAGCUUGUCAAACAUGUCUC,0
AGGAACCCCCUGAACCCCAAGAGAGGGAGGACCAGGAUCCG,1
UUUUCAGUAGCAAUCCAUUUGGUUAAAGGAGAUUGAAUCCU,0
AACCUUUUUUAUUUGGGGGGGAGGAUGGGGAAAAGAGCUGA,1
UGAAGUCCCUCAGAAACCUUGCCCCUGGUCUUCUCUGGUCU,0
CCUGCCCACCGGGCGGGGUCGCUGGUUGGCCGGGCCCAGGC,1
UGGCUUCUGAUUCUCAUUCAGGCUUCUCACGGCAUUCAGCA,1
UUUGGUCGGGGGGGUGGGAGGGUUGGAUUGAACAGCCAGAG,1
UCUGUGAAAAAAAACCCUUUGAUCUUAAAAAAAAAAAAACC,1
UGGUGUGAACUACAAGAUUGGAGAGAAGUGGGACCGUCAGG,1
CAGCACCCCUGGAGAAGCGCGUUAAGGAGCUGGCUCAGGUA,1
AAUCCGACUCUGGAGCAUCGGCAGCCUGAGCUGCUGCUGGG,0
UUCUCUGGAGAUGAAAUCUAGAUCUUUGAUUUUGGAACCAA,0
GUAUAUAAUAUAUCACAUUUGGUCAACAGUUCAAAUUUUUU,0
ACAGAUUACUUACAUUACAAGGCAAUGUCACAUAUUAAAGG,0
ACUAUAGAUUGCUUAUGCCCGUAUAGAGGGGGAUAUGAUAG,1
CGACCAUUUAGGGGAGAUAGGAGGAGAUCAGGGAUGGGAGA,1
UAUUUUCUGGAAUGAUACUUGCUCUGAAAUAAUAUUCAAAA,0
GACUCGCCCGUGCUGCUGCCGCCGCCGAAGGAGGGGCAAAG,1
CAUCAAUAAGAAAAAGGAUCGAAAGGGACCAAGCAGCUCAC,1
UUAUGUAAAGCAUGAAGGAAGGCAUAAAAUAUGAGUAGAUG,0
UAAUAUAAUGGGGGAGUUUCGUACUGAGGUGUAAAGGGAUU,1
CAAUUCCCGGCGGGGAGCGCGGUGAAGCGGGGGUGGGAUCU,1
CAGUUAGAAGUGUUUUGGUGGCUACUGGUUCUUCCUUAGUA,0
GAGUGACGUAAGUGAUAUGCGGAAAUUUCUUUCCAAGCCUG,0
UGUAAGCACUUUUACGGGGCGGGUGGGGAGGGGUGCUCUGC,1
AGACAUCAUGUGCACCUGGGGUCUGAGUGUUCACAUGAGGC,0
UGCUGCUGCCGCGGCGGGCAGACCUGCAGGAGGCGGCGGCG,1
UCCUUUUCAGGGAUGUCGUGGGCGGGGGAGGGGGUUCUUGG,1
GAACCACACAGUAGCCCUCAGCGCAAUCGGGGAGUCCAACU,0
CAGUGGUGGGGGACGCUGCUGAGUGGAAGAGAGCGCAGCCC,1
CAGGCCUCAUGUCUACAUUAGGCCUCAGGUAGACACGACUC,0
CUGUGGCAGGGGUUGGAUUGGAGGGAGAGAACAGAGUUGGG,1
CUGGGAAGCCCCCCGCGGGGGCUCUGGGCACCCCGGCGGCC,1
CAGGCUGCAUUUUAUCCCCCGCCUGGGGAGCAGAGCAGACU,1
GUCCUCUCUCUGGAAUAAAUGCAACGACCACGGUUCUUUGA,0
CUGGGCGCAUGCGCAGCGAGGUUCCACGUGAGCGCCUGCGU,1
UGGGCCUCUAGGAAAGAGUUGAGGGUGUCUUCCACUCAGCA,0
UCACCCAGGAGAAGAGGAGUGUCGAAAUGGAUACAGCCUCA,1
CACCACAGUCCUCUGACCCCGACGACACGCCCCCCAAGCUC,1
GCUUACACUGGAAUUAACAAGUUUUAGUAUAUUAUCUUAAA,0
UUGAGAUACCUGCCAGAUGAGUCACUGGCAAAAGGUGCUGC,0
ACGUUUUAGAAUUGGUGAAGGAAGAGCAUGUUGGAGCUUAG,1
UGUAGCAAAACCUGGGUGGGGGUUGGGGUGGGGGGUAGUUU,1
AAGAUGAAGAAGAGCUCCGUGAAGAAGAAAGGGGUCAGAAG,1
UAGUUACAUGGCUUUAACAAGUUUACAUCAAAAAAUAUCUC,0
UAUAGGAAACUUUUCUUCUGGCUAAAGAAGAAAGACAGCUU,1
AGACCCCAAGUGGACAUCAGGUUCCAGGUUGACACCAGUCU,0
CUGCGCCCCCAUGCCCCUCUGAGUCACACAGGACAGAGGAG,1
AUAGGACUAUGGACUACGUGGCUUCUUCCAAGGUGGCAUCC,1
CUCUUUUCACAGGAAGCAUCGGAGAGCAAGAGACAGGUCCA,1
CAGUUGCUGCUUUCUUCCAAGAUCGGGUAGGAGGAGCUCUC,1
UCCCCUCCUCUCCCCGCCCAGUUCUUCUCUUCCCGUCUGAG,1
GCUGGUCCUGGGCAGUCCCAGGGCAGCAGAAGGAGGGCUCU,0
AAAAAUGGUGGGGGUGGGUGGGUGCCCAGGGCUAGGGGCUA,1
GGUUUUUAAUAUUUUAGGCUGUUGCCAAAAUGGUUCAACAG,1
GCCCCCUCGCUUCCUGAGCCGCCACAUCCCGGCAGCCCUCC,1
CAGGCCCAAGGUGUACACCAGACCCCAAGUGGACAUCAGGU,0
UUAUUCUUCAAUAUUAUUAUGGUUAUUAAAGUCACUGAGAA,0
CUUGUUUUUUUUAUAGAAAGGAGAGGAGACUGAAGAGACAA,1
CCUCUGCUCUCUCUUAACCAGUCCUACUGAUACUACUUCCU,0
UCAGUGCAUUUGCCUCAGGGGGACUGGCAGAGUGGGCGCAU,0
GGUUUUUGAGAAUCUUCACAGAAGACUUUUUAAAAUCCACA,0
GGGAGGCUGCAGCACCCUCUGCUGUUGGGGAUGAAAGGUGU,0
AGGAAGAAAAGAAAGAAUUGGAGAGGAAAUUGUCGGACCUG,1
AGACCAAGCGGCCCGUGGGGGGUGGGGGGCAGGGAGUGUAC,1
ACCAGUCCCCAGGUUUACACGAGGCCCCCAGUAGGUUCCUA,0
CUUGACUGUAAACUGUUUUAGAGAUGUUCCUCACCCGGUUG,0
GCUGUCAAAUAGCAUUUUAAGUAUCUGUUUUAAUAUGGAUG,0
CCCGCAGGGCCGCCACCUCCGCCCUCGCCGCCGGGCUUCAC,0
GAGGACGACGAGGAGGAUGAGAUGGAAGAGGACGACGAUGA,1
CGGUCACGUGACUGCUGCGGGCCAGCCAAGAUGGCGGCCUC,1
UUUUCUUCUUUCACUCUUCAGGUUUUCCAUUAAUAUAAAAA,0
AAGAAAAGGAUGCAAUCAAAGACCCACAAAUCAUCAUAAAU,0
AGCUAAAGAAGGUGAGCGACGUCGCCGGCGAGACACAGGGC,1
AUUUAUUUUUUGUGGGGCGGGGAUAGGGGAGGGCAUUGAAG,1
CCAAUCUUGAGGGAACACCAGAUCCCAGGUGGGUACCUAGU,0
AGCCAAAAAUGACUGAGCUAGAGAAUGUUAAUGGAAUCAAU,0
ACUACAUUAUUAAACAAAAAGUACCCCAUUGAACUUAACAU,0
GUGUUAUACCUGCUCCUGGUGGGAUAGGAGCCUCCGGAGCU,0
AAACCAUCUGUAAAAGACUGGGGUGGGGGUGGGAGGCCAGC,1
CAGGUUGACACCAGUCUCUAGGUAGAUCCUUAAGCCCCAAU,0
UAUUGACUGACCAAAAAAUAGAACAAAUGAGGGAUUCUUAC,0
UCAAAAAAAAAAGAAAGAAAGAAAGAAAGAAAGAAAGAAAU,1
GGCCCCGGGGCGGGGGGCGCGCCGGGAUGGGCCCCAAGAGG,1
GCGUGGUGCGCUGCCCGCGCGUCAGGAAGAACAGCAGCACA,1
CCUGGCCUGCGAGCUGUGCGGCCGCCCGCUCUCCUUCCUGC,1
GACAAAGCCCCGGGGCUGGCGCAUCCUGAGGGUCUCUGGGG,1
GGCGGAGCGGCUCUCCGGGCGCGUCAUCGGAGCACCAUGGC,1
CGGGGUGCAAAUGAUGGUCGGAAUGGGGAAAGCAGGAAAGA,1
UUGAGCCAGGACCUGGGGCGGGGGUGGGGCCGGGGCCUUUC,1
UUCCUUGCUUGGGUGUCCAUGCAAGCAGUUCUACCUACUAU,0
UUGCCUCAGGGGGACUGGCAGAGUGGGCGCAUCCUGAAGGG,0
UUUACUUUUACCUACCUUACGUGGUUGAAAAUCAUAUUUCA,0
AGGUCUUAGGUGGACAUUAGGCCCCUGGUGGACAUAAAGUA,0
UAUAUUGAUCUAGUUGAUCGGUAGAGGAAGCUUGUGAAGUA,1
AAGAACGACAAGAAAGACGUGUGAAAAGAAUACUACCAACU,0
GUAACACUUGGUUGGGAAAAGAUUAGUAAAAAUACAAAGAA,0
CAAGGCAUUUUUGAAGACUGGAGGAGCGUAGGAGGGAGUGG,1
GCAUAAGUUUAACUUUUCUUGUUAAUAUUUUAAAAAGUAUU,0
UCUACCUUUAAGGACCAUUUGCAAUCAGCAAAUACAGAACA,0
AUGUGGUCUGAGUUUAAAAUGUAAGGAAAAUUACCUUCCCU,0
UUUGUCUGUUACAGAUCACGGAUACACGACUCUAGCCACCA,1
UAAUUAUGUAAAAGCUUAAUGAAAUACUACAUAAAAAGAUA,0
AUGCUACUAUUAAUAUAUCUGUAUUAAAAAGGUAUUUUAAG,0
GGGGCCAACGUUGUCGGACCGAGGAGUCCGAGGUGGCGACU,1
GACGUUCCCAUGGUAGAAAAGAAGAGCAAGAAACCCAAGAA,1
GCAAUAGAAAUAGAAGAACGGAGGAUCCAGAGCUGUGUGCA,1
CCCUCCAUAGAGCAGAAUCGGAGAUCAGAGGAGGCUCAUAG,1
CGCUGCCCCGGACGCUGAGCGUCCUGAAGAGCACGCCGCAG,1
CUUAUCAAUUUGCUAUAAAUGUUUAAUUUAGCCACCUUCUA,0
GAAUCCUUAAAGCCAAAAAUGACUGAGCUAGAGAAUGUUAA,0
CGGCGAAGGAGGAAGAGGAGGAGGAGGAAGAGGGGAGCACA,1
AUGACCGGGUUAAAAAGAAUGACAAGAUGACUGUUGUUAAA,0
AGGGGCCUAGGAAUCCACUUGCAGCCUGGGAUCCUACAGGG,0
GCAGGCCCUGAGGGCUCGCGGCCCCAGUGGCGCGGCCGCGA,1
GUAAACAUGGGCCCAUCAAUGCCUCCUCGCAUUUUUUUUAG,0
UCACAUUGUUUUGUUUAUAUGAAAAUGUUUGUAACUACUAC,0
UUUUUUUGGGGGGGGGGUGGGGGGGCAGGGCUCUGCCCUCU,1
AUGAGGAGAUGGAGGCGUCGGGCGUGAGCGGAAAUGAGGAG,1
GAAAUCUGUAGUUAAGCCCUGUAAAAUGUAGAUUUUGGCAC,0
UUUUUCUCCUAAUAGGUCUCGAUCUAGAAGACGGUCACGAA,1
CCAAAUAUCAUCAGUCGGAAGAUCAAGGAAGAGUAAGUAGC,1
GGGAUCAUUAGGACCCAGCUGCAUACCAGUCCCCAGGUUUA,0
UUGGCCUCCCAAAGUGCUGGGAUUACAGGCAUGAGCAACUG,1
CAAAUUUAUUUUAAGAGAUAGGGAGGGAGGGGACAUAAAGG,1
CCUUUGCUAGCAUGAAAACUGUAAAGACAACUGAGAAUAGU,0
GAAAAUUUUUUUAAAUGGAAGCUUCUAGCAAGCCCCCCACC,1
AUGUCCUAGGUGAACACCAGGUUCCAAAUGAACAUCAGGCU,0
GAACCCCAGGUAUGGGUCAAGAGGGCUCCAACUUCAAGGGU,0
AACCACCUUUUGCAGAUGAGGAAGAGGAGGAAGAAAUGCUG,1
UGAACACUGAACUCUAGAAAGUCUUCAGGCCCUGUGUUGAC,0
AAAAAUAUAAUGGAUAUCAUGUCUGUAACUCAUAAAUUACU,0
GGAGGGUCAUUUCUUCUUCUGAGACAUGGUGGUUGGGUCCA,0
CAGAGAGGAUCGAGAGCUUCGUGGAGACCCUGAAGCGGGGU,1
UGGAAACAUCAGUUAACCAAGAUACAGGUAGAGGUGGUUUU,1
GUCCACUUGGAGUCUGACGUGCACCUGAAGCCUGAGUUUUC,0
UUCCCCCAUUGCAGCCCUCAGUACCUGAAUGGCAAUCGUGC,0
CACAACCCAUGUGGUUAUUAGGCCCCAGAAUGACACCAGUC,0
AUUAUUUAAGUUUGAUUGAAGAACUUCAUGAUUCUUAUGUA,0
UUGACAUUAUCAAUUUUGGGGAAGAGGUGAGUAGGGACUGA,1
GAUAUCAACUUGGGGCCUGGGUGUCCACUUAAGGCCUGAUG,0
AAAUGCAUGCACUUUCAAAUGUACUUAGUGUAACAUAUUGA,0
AGGAAUACACAGUGUCAGAAGGAGGACCUGUGUCCAGCCCC,0
ACCUCAGGGAGGCUCACUCAGGACUGGCUACCCCCAGGAUG,0
AUGAACAUCAGGCUCCAAGUGAACACACAGGCCCCAGUUCA,0
GUGUGUGUGUGUGUGUGUGUGUGUGUGUGUGUGUGUAUGUG,1
UGAAGAGGUUGUGUGGGUGGGCUGUUGGGAGUGAGGAUGGA,1
AGGACACCCAGCUGACAAAAGGGACUUGCCUGUACCCCUGC,0
CGGGGACCUAAGACAAUCCUGCCUGAAACAGGGCCUGGCAU,0
GAUGUGGGUGCCUGGUUAUCGGAAUUCUUUUUUUUUUUUUU,0
CUGGAAUAAAUGUGGCAGUUGUUAGAAGACAUUAUAGUUAG,0
ACUUUUCCACAGAUUUUUUUGUAAGGGGAAGAGGGAAAUGU,1
GAUUGAGGUAAGGGAAUGUAGGUGGAGCCGAACCAACACUU,0
CUAAGCCAGAAGUUAACUAUGCUUUCAUAUAUUCUUGCAAG,0
UGUCCAAAUCAAUAAUUACUGCAAUGAUUGAAAAAUGAUUA,0
UGACUAAAGGUGUGCAUCAAGACCCAGGUUGACACCCAGGC,0
GAUAAUAUUUCUUUAAAAAUGUGUUUUCUUUAUGUUUUAUG,0
UACAAGCGGCCCCCGGGUCGGGUGGGAGGAGGGGACUCCGG,1
AGGUGAACACUGAACUCAGGGUGGUCUUCAGGCCCUAGGUU,0
UGGAGGAGGAGGUCGCCUCUGGGAGCAGGAGGACCUGCUGG,0
UGGCCAUGAUUAUGCUGAAGGAUCGAAGGAUGACUGUGGUG,1
GCGGGCAGUGCGCAGGCGCGGGCGGAGGGCGGGCUGAAGCA,1
GGAAGAGAAGGAGAGGGAGCGUCUGGCCAAAGGAGAGUCUG,1
GACGAGGGGAUCCUGCCCUCGGGCAGACGGGGCACGGCGAG,1
CUGAAGCACCAAUUUCUUCAGCAAGUUGUUCUCUGGAAUCA,0
GGUUCCCAUAUGGAGCCUGGGCGUACACUUGGAGCCUGAUG,0
UCAGAGCAUAAGAAGGGUAGGAAGGGUAGGUAGGAGAGCUG,0
CAUACCGUCUGCCGUUGCGCGACACGAACCACCCUCCGAUC,1
GCCCCCUGGCCCUGGGCUCUGUGCUAGGGAUGGUGAAGAAU,1
GGAGAAGCCGCAGGAGAAUGGAGGAGCUGAGGAUGCUGGAA,1
UGCCAGGUGGAUAUCUGGCUGCAGGUGGACAUCAGGCCCCA,0
UUGCUUCCCAAGACAAAAAGGUAUGAGGCUGGUUGUCCAGC,0
UGGCAUCGAGAAGGAGGUGCGCGUGUGUGAGCCCUGCUACG,1
CUGGUGGCGGUGGUGGCGGCGGUGGUGGUGGAGGAGUUAAC,1
UCUGCCUUCAGAAUAAAAUUGUAAUUUCUUCAGGUUAUACA,0
GAGCUGGUUUCAGCCCCCAUGUGGGCUUUAGUCAUAAGGAG,0
GUGUGCCAGGCAUCAAAGGAGACCGGGGAGAGCCUGGACCG,1
AGCAAAGAAAUGGAGUCAAUGUCCUCUAAUGAGGUUUCCAG,0
AAAUUCUGGGGGUGGGGGUGGGGUUGAAAGGGUGGGGUGGG,1
UGCUGAAGCCAGGAUGUUCUGACCUGGCUGGCAUCUGGCAC,1
CUGGGGGUGACGGGGGCCCGGAUGCAGAGGGGGUGUGGAGC,1
UUUAUGGUAUUUAUUUUUAUGAAAAAAAUAUAGUCUUGUAG,0
CCAGUGGAGGCGGAAAGAUCGGCAGAAGCAGCACACAGAAC,1
GUUAUCACUAGAAUGCUUAAGAACUCAGCAUAUCUGCAUUC,0
UAGAAAAAAAUAUCAAACCUGAUUUUAUAUAUAAUAGGAUU,0
AAUAUAAGUGGAGGCGUCGCGCUGGCGGGCAUUCCUGAAGC,1
GAGCUAUGAUAGAAGAAUUUGACAAAGAUGGUGAUGGAGAA,1
GGAGCAGUGUGGGAGCUUCUGGCUGGAGCUGUGCUGGUCAC,0
AUAGCAGACAUGAAAUAUGUGGUCAAACUAUGUACAUAGGA,0
CCGCCGGCCGUGACGAACGGGAGCCAGCCGGGCGCGCCACA,1
CUGUCUAUGGAGAUACCUAGGCCGGGAGAGGGAGAACACAG,1
GGGUCUGAUGUCCACCUGAAGUUAGGUAUCUACCUAAGGCU,0
CAGGAGGACACCAGGACCCAGUUGGUCAUCAAUCCACAGUU,0
GUCUCUAAGUUGAAGGCUUUGUUGGAGGGGACAGAGCACAG,1
GCAUGCUAAAAUAAAUUUUUGUGUGUGUGUGCAGAAAUUAA,1
UCGCUCGCGCCCCGGAAACUGCCCCUUCUCGGGGGUCAUGA,1
UCCCGCUCCGGGCUCUGCCGGCGGGCGGGCGAGCGCGGCGC,1
UUGGGCCAGGAUGGGGGUGGGUUGCAGUGAGGGUAGGGAAA,1
ACUGUGCGGCUGGACCCCCAGUUCUGGGGCCACGCCGCGGA,1
GCCUGUUUGCAGAGGAGCUGGUGCAUGCAGGCUGGGAGAAG,1
CAAGGGAAGGCACAACACCAGCAGGGCAGGGAGCACAUUGC,0
CAGGUCAAAGAUGAACACAAGACCUAAGGUUGACACUCAAG,0
CAGUAGCUCCAUCUUUCCCUGUUUCCCUGCCCCAUGGAACC,0
AUUACCCCGACCCCCUCCCCGAAGCUGCCGGAGCCCUCUGU,1
GAUGGGGGCCUGGAUCAUGUGGAAAGAUGACGUGAAGGUCA,0
AUAAAAUUGUAAUUUCUUCAGGUUAUACAAGACUUCCCACA,0
CUUGGCAGAAGGGGUGGGGUGGGAGGAGGGGGCUGAGGAAA,1
CUUUCUUUUCCCUACAAACAGAAAUCUAAUUUUCACAUAAA,0
GCAGCCCUCCAGCCUGUGACGCUCACCCCGCCCUCCUUCCC,1
ACAGAAGUUUAAGACCACAAGUUAGAAGAAAGGUCACAUAU,1
CCGGCGGCCUGGGGACGAGGGCACUGUCAUGUCUCUAGCUG,0
GGAAGGAGAAGUCAAAGCGAGAUCGGGAGAAGGACAAGAAG,1
AAGAAAUGCAAGCAUUAAGAGAUAAUGUUCAUAAUGUUAAC,0
AAGAUGAUAAGAGAAAAAAGGAAGACAAGGAACGCAAGAAA,1
CCACAUCAGGUUGAAGAAAGGAAGAGAUCAGACCCACGAGG,1
CUGGCUUGGCCCCCAGGCUUGCUGGACGGGACGGCAGACGA,1
CUUCUUUGAUGUGAGGAUUGGAGACAAAGAUGUUGGCAGAA,1
AGGGGAUUCUGGAACCGAAUGGUGCUUCGGGAUUCUGAGUA,0
CAAAAGAUCUAGUGAUGAUCGGAGGGGUGAUAGAUAUGAUG,1
AGAACCUACAAGGGCUCCCAGUGCCUGAGGAAUAAGGUCCA,0
AAUGCCACCCGAUUAUGAAUGAAUUAUCUCUUAUAAUUCUA,0
GAGAGCUUGGGUGGGGGUUGGGUGGGAGGGACUUGGGUCUU,1
GGGUCUUCUGCUGCAACUCAGCCCCUCUGUACCAGCCCUGG,0
AGGAUCGCCCAGCCAGGGUGGCCGUCCCAUGGCCUGGCUGC,0
GGCCUUCCUCCCUUCCAUCAGGUGACCCUACCAUGUGGCCU,0
CAAAAGAGAUCGGUAGUGUUGUGUGUAGGCCAUUCUUCUGG,1
CCUCCCAGAGUUGAUUAUUUGACUUAGGGCAAAAGACUGAA,0
UUGGCUCUGCAGUAUUCAGUGUCACUAGUGAAAUGUGUGAA,0
GGAAGGUAACCGGAAAAGAAGCCAACACCUGCCUCAGGUUA,0
UGCAGCCGCCGCCGUCCCCGGAGCACGGGGUGGUGUGUGGG,1
UGAUAACAAAAUCAAAACAAGCAGAAUUCUCUUGACCAAUC,0
CUAUUAAAUCAGGUCAGAUUGUGUCCUUCUUCUGUGAUCUG,0
UGGAACACGAGCUGGUGCUGGACGGGGCUGUGGUGAGUGCC,1
CAGCCUGGGCGACAGAGCAAGACUCCAUUUCAAAAAAAAAA,1
UGAUCUUUUGUGACAUGCACGUGGGUUCCCAGUAGCAAGAA,0
CCCCGGAAGCCUCACUUCCGGGCGCGAGCACGCCCCGCCUC,1
GCUUCAGACAAGUCGGAGGGGAGGGAGACGCAGAGGCGGAC,1
CGCGCCUUCUCCCCCCCGGGGCUGGGUUGGCGCACCCUCCC,1
UAAGAAAUUAAGAUUUAGAAGGGAAGGGGCCAGCAUGUAAU,0
AGUCACAACAUGAGGCAUGAGAUACCUCAGAUGUUGUUCCC,0
GAGCUCCAGAGGCUCCGGCUGGAAAAGGACAAUGUGCAGAU,0
GUUUAUUUUUUUCAACUUUAGAAGAAAUUGAAAAGGUCUAC,0
AGCCUACAAGGGCGUCAUCAGCAAAGAAAGGCUCUCACUCC,0
CAGAAGCUUCUGAGCGUUCUGACCAUGAGGACAAUGACCCC,1
GCGGCGGCGGCGGCGGGGGAGGCGGGGGCCUGGGUGGGGGC,1
UCCAUGACACAGAAACACCUGUACUGUUGGGGCCCGGCACA,0
CGUGUGGCUGCUCAGCUCGGGCCACGGAGAGGAGCAGCCCC,1
CUGAUAUUUAUAACCAAAAAGGAUUUAGGUCCAUUCAUAAG,0
AUAUAUUCUUGCAAGUAGAAGUACAGUGUUGGUGUAAAUUC,0
CAUUUUUGUAGUGGUUGGAAGUGCUAAGAAUGGUGGAUGAU,1
UGGAAGUGAGGGACCUCCCAGGAGGUGUAGAAUAUUCCACU,0
GUUAUCAAAAAAGUCCUCCAGAAUGGAAGGAGUGCCAAAUC,1
CUGCCAGAAUGGCAGAGAUCGGAGAGCAUGUGGCCCCGAGC,1
AUUUUUAAUAUAUUUUCUCAGAAAAUCAAAUUUUGGGAAAU,0
CCAAAGUGCUGGGAUUACAGGCGUGAGCCACCGCGCCUGGC,1
CUGGACCAUAGGUGCUCAGGGCCCCCUGAGCUGCCCGGGGG,0
GGCAUAGAUGUUAACUUCCAGAAGAAGAUGGAAAUAGACUA,0
UGGAGAAGAAGGUAAGGUAAGAAAUAAUUUUAAAAAUUAAA,0
GCAGAGAAAGCAGCGGGAGCGUGUGGAGCUGAAGAUGGAUC,1
GUGUCCAGCUGGGGCCAGAUGUUCACUUGGGGCCUGGUGUC,0
GCGGGGAGCGCGGUGAAGCGGGGGUGGGAUCUGAACAUGGC,1
UGACUUACAGGAGCAGCGGCGUGUAGACCCAGAUGUGGCUC,1
CAAGGAGGUAGAGGGUCGGUGGUGAAAAAAUUAUAGAUUUC,0
GAUGAAUGGAUGAGAGAAGGGAGAGAAUAAAAUGCAAUAAC,1
GGCUCCAGAUGGCCAUAGGUGGAUAACUAAGCCUCUCCUGG,0
CAUGCAAAAACAAAUUAACUGUAUUUUCAGUAAUUAUAACA,0
UAGUGGUGGGGUGGGGUGGGGGUGGGGUGACAUUAGCUAGU,1
CGGGCCCAGCCUGGUGGAGCGUCCAGGUCUGGGUGCGAAGC,1
GAGUUGGGGGUCGGGUGGGGGAGGGAAAGGGAGGGAUGACC,1
GGGAGCGGGAGCAGCAGAUCGAGGAGCACAGGUGAGCCUGC,1
CCGCGCUGCGAGGCCUGCGCGCCAGGCUGCGGGAGCCAUGC,1
GCGCCCGCGCCCCCGCCGCCGCCAUGGGCGUGCAGGGCUUC,1
GUGCUGACUGUUGCAGAUCGGAUCAACAUCAAGAGGAAGGG,1
AUAAUCACUAUGCUAUCUUUGUUAAGGAUUUUCUAUUUAUU,0
UGUUUCCUAGGGAAGUGCCCGACAGGGUGGCACCACUACGA,1
ACCGGCUCCAAGGAAAAAGGGCUAAGAAGAGAACCAAAGUC,1
GGCCAGGCGCAGUGGCUCACGCCUGUAAUCCCAGCACUGUG,1
UGAAUAAUAAAAGGGGAGCGGCGAAGAGGCAGGAAGACAAG,1
CCGUGGGACGCUGGGCCCGCGUGGAGGGUACCCCCAGUGAC,1
UUGUUCCCCUUGGUUCUUGGGAACCAUUAUACUGUUAGGUU,0
UUCGAGAAGAGAAGCGAGAAGAACGGAGGAGGAGAGAGUUA,1
AUCUUAGUUUUAAUAAAACAGAAUGUCCAGAGCAAAGGCAA,0
CAAUUAUAUGUAAAGGCAAUGCUACUUGCAAGUUUCCCAUC,0
CUCUGACUUCGGCAGCAGCCGCCCGGCAGCGAGCCUGGCCC,1
UGUUGUUAAACACUAAAUCAGCUUUCCGUGUCUGCAUUUUA,0
UGGUGAUGGCCCUCACGUAUGAGGAGAAGCCGCCCUACGCC,1
CUAAAGGAGGCAGAAGAGCGGCACCAGCGGGAGAAGGAUUU,1
GCUAAAGCAAGUUUUUGUUUGGUAGCAUAACCUGGGUAAGG,0
CCUAGAAUCUCAGGUGGGUGGAGCAGUGGUGGGAGAAGACU,1
ACGUGGCCGCCGUCAGAGCCGCCAUCUUGUGGGAGCAAAAC,1
AAAUUUGGACUCUUGACUCUGAAGCACCAAUUUCUUCAGCA,0
ACCAAAGCGGCACCUCCCGCGUUGGUCAAUGGGCUGGAGCU,1
GGCCGUGUAAAUGAAGAUCGGGUGAGGAGCAGGACGAUGCC,1
AAAUUUAGAGAGAAAGAUGAGAGAGAAGAGCAGCUGAUAAA,1
AGGAAAGAGGAAGGGGGAGCGGCGAGAGGCGGAGACGGAGC,1
CUGCCAUUUAAGUGGAAGGUGGAAUCCGACUCUGGAGCAUC,0
CAGUAUCUUUUAUCAUAUCAGCCUCACAUACAACAAGAAUA,0
GUCCAUUUCUGAAACAGGAAGAAGAGGAGCAAAAAGAAGGU,1
GUCAAGGCCGCGCUCGCGCCGAGGGGCUGCGAGAGUGACCG,1
AUCAUUUGAGGCUAUAAAAAGUUAAUAUGCAAAAAUAUUCA,0
CUCUCGGGUGUCCUGGGUCGGUGGGGAGCCCAGUGCUCGCA,1
GUGGCUGUGGCCCUGUCCCUGCAGGCAGACCCAGGAAGGAG,0
CAGGCCCCAGUUCAACACCAGUCCCUGGGUGGAUUCCUCGG,0
CUGUGCUACUGCUGUCGCGAGACUUCCUGCUCAUCUGCCGC,1
GCAGUCCCAGGUGGACAUCAGGUUCCAGGAGGACACCAGGA,0
CAGUAUGGAGAUAUGACACUGGAGAGCAUAAAUGAGUCGAG,0
ACGCAGUUUCCGGCGUGAGCGGCGAAAGCCGGGAGGGCGAG,1
GCGACGGGCCAAUUGGAGGAGUUGUUGUUAGGCCGUCCCGG,1
AGGCUAUACUCAGACUCUGAGGCCUGGUAAGUAUUCUUGAU,1
GGAGCCUGAUGUCCCAGGUAGAUCGCUGGGCCCCAGUUGUC,0
AUGUAGAAGUCAGGCUCUAAGUAGACACCCAGGUCCUAGGU,0
CACAUUACAUGAAAAAUUUUGAUGUUGGACAUGUGCCAAUA,1
AGAGCCGAAGGAGGCUGUGGGAGGUGUUGGCGGCGGCGGCG,1
GAGUCCCCUGGGCCUGGACCGCUUCCCAGAGGCCAGGAAUC,1
CGGGAAGUAGGCGGGGUGACGUGUGGUUGACGAGCUCGGCG,1
AGCACCUCACGAGACUUCAAGAUCAAAGGAAACAUCCUAGA,1
AUGCGGUUGAAGAAUUAAAAGUCUCUUUUAGACAUUUCCUU,0
UUAUGUCAGAAGAUACUUAAGCUGAAGAUUCAUGGGUUACA,0
AUCUCCCACUUCUUUUCAUAGUACUGACUAGAUUUUAAAUU,0
CUAUGCAUGCUUCACCUUAUGAGGGGUGCAGAAGGAACAAA,0
UAUGACUUUAAAAUUAAUCUGUUCCCCAAAAAGAUCCUUCA,0
CCAUUUGUUCACUGCUAUGUGAUCCAAACCCAGAUGACCCC,1
CAUCACUAUCGCCCUCAAAUGUCAAGUGGAAAAAUAAAUGU,0
GACAAAAAUUAGACAUAAAAGUAAAAAGAAAAUGCAAACAA,0
UCCUGGUCUCUGCCUCCAUAGCUUCCACUGUGCCCAGGACU,0
AUAAAUGUUUAAAACAUAGGGGUAAGGGAGGGAGGGAGAAU,1
CACAGCAGGACAUAACCUCAGGAUUCCUUUUCACAUCAAAG,0
CUCCUGGAGGCCCCCGUGCUGGUGGAGUUUGGGGGCCAGGG,1
GCCGCCAUGCCGUCGUCCCCGCUGCGGGUGGCGGUGGUGUG,1
GCAGCUGCAGCCUGCCAGCUGUUCAAGGUGACCCUUCCUCA,1
CUCUGCUUUGUUUUCUAACUGCAUCAGAAUUAUCCACAAUU,0
GCCUCCGCCGCCUCGGCCCCGGGCCCCGCGCCCCCGGUCUC,1
AAAUAAAGAAAGAAACUAAAGACGUAAUAGGCAUCACUGAA,0
GAAUGCACUUUGAAAGGUCAGCUCCAUGGGUCUCAGCUGGC,0
CCCCCUGCGAGGGCAUCCUGGGCUUUCUCCCACCGCUUUCC,1
UGCUCUUCGUCAAGGGCGCCGUGUGGAAGGCGCUCUUCGGC,1
UUAAAAGCAACAAUUAAAAAGCCAAAGUUUUAAAGCAGAGA,0
AUGUCCACCUGGGGCUGGAUGUCGCCCAAUGGCUAGAUGUC,0
CCGGAGGUCCUGCAGCGGCCGGGCCGGGGGCGACCGCGUCU,1
GGUUUCCAUCCGAAACAUCAGGCUCUAGUUUUACAUCUGGG,0
AGCUGGGUGCGGUGAGGCGCGCAGAUCACCGCGGUUCCUGG,1
UUGGCUGACAGCAAAGAGCGGAAGGAAGAAGAGGUGCCCCU,1
ACUCCCCACCUGAAAAUCAGGAUCCAGGUGGAUACCCAUGU,0
UCGAGGCCCCCGGCUCAGGCGUGGAGCGGGCCCACCUGCUG,1
ACUGUGGGAACCUGGCUUAUGGAUGAGGCUAUGACACAGGG,0
AAAGAAGAAGAAGAAGAGAAGGAAGAGGAGGAAGAAGAAGA,1
CUGCGCUCACUAUUAAAUAAGAAUGACCAGGAGAGCCAUGG,0
GGGCUGCUGCUGAGGGAUCGGGAGGGAGUGGGGUCGGCAUA,1
CUGUGGGAGGAAAGAGCUGCGUGGAUAGAUUCAAACUUCCU,1
CCGCGGGGGAUGCCGGGAGCGCGCAGUGGCGGCAGCGGCGG,1
AACACAAGAUGAAGAACCUCGUGUGGACCAGCGGUAUCUCA,1
UCGAUGAUUCAUUCAGUGAAGCUCACUCCGAGUUCCUAAAA,1
GCCGACCCUGCGGCCCUCGCGCACCAGGGCUGCGACAUCAA,1
CAGGGAGUUUGGAGUGGAAGGGACGUGAGAAGCUGUCCUGG,0
AUAAUCCAGCAUCUUUUAUUGCAUUGGAAAGACUGGCAAAG,1
CCAUUUGUGUUUUCUGCGUCGUGUCAUUGGAUAUAAUCCUC,1
CCUCCCUCCGUUUUCAGGAGGACCACUCUCUGUGGCACCCU,1
GGCCUAUGUGUCCACUUGGAGUCUGACGUGCACCUGAAGCC,0
UGAGGCCUGAUGCGCACCUGGGGCCGAAUGUCCCCCUCAGG,0
AUAAAAAAGAAAAAGAUCGGGAAAGUGAAAAAGACAGAACU,1
GUGGCCGCUGGGAGAGCUUCGUGGAGGAGACGCUGACGGAG,1
AAUUUGCGCUCCGCCAGCCCGGAGCAUUUAGGGGCGGUUGG,1
UAUCCCAGAACUUAAAGUAUGUGUGUGUGUGUAUAUAUAUA,0
GGCACGCAAAACGGAAAAGCGUGUGUAGGGGAGCGGAAAAG,1
AAACAGGAAGUUGCCUUAAAGAAUAGACAAGAGCUGUAUGC,1
UGGAUUCUGUUGAAGGAGAGGGUGAGGAAGAAGGAGAGGAA,1
GAGGACGGUUUCGUCCCGUCGGCGCUGGGGACCCGCGAGCA,1
AGCUUAAUGAAAAGAGAACGGAGAGGAGGUGUGGGUUAGGA,1
AAAUAUUUUUUAAUCUAAAUGUAGAGAAGUUGGGAUUAAAA,1
AGGUCACUCUGGGAACUGUUGGCCUCUGCAGAUGGGGGCCU,0
UAAGUUUCAUUUUCCACAUGGAUGACCAGGAACCUGGUCUU,1
CCCUGCCCCAUGGAACCCUGGGCCUCUAGGAAAGAGUUGAG,0
GGAGAGGCGUAGCGAGGUCGGAGGGGAAAGGGAGAUCCCAC,1
GCAGGAUCAGAUAUAAUACUGUGGAGAGUAAUAUCAGCACU,0
AAGAGGGGUCUACAGCAUAUGCUGUGGGUAAAUGAAAUACC,0
CGGCAGGAACGCCUGGAUCGGGAGAGGCAAGAAAGACAAGA,1
ACCUCAAAUUUUUAGGGGAGGGUGGGUUAGGGACUGAUACU,1
GGUGGGGGGAAUCUAUGGGGGGAGGGGGCUCUGUGGGGUGG,1
CAUGUGUAGGUGACUUCUUUGUUUGGAGGAGAAGACACUAG,1
AGGAACACCUGUCAAGAUUGGAGAGGUAUGACUUAUGCAAG,1
GCCUCCUCGCAUUUUUUUUAGUUAGGUAUUCCGUUAUCUUU,0
UGAAACUGAGUAUGAGUACAGUGGGAGUGAGGAAGAAGAGG,1
ACACUUUCAGCUCCAGGGCUGAGGCCCGUGGCUCUACAGGA,0
AAUAAUAGCUAAUAUGUCUAGAGCACAUAUUACCAUUAGGU,0
GCCACUGAUCACCACACAAUGGGUCCUCUGAUGGCCCAGGA,0
GGAGCCUUGUUCACCCAAAUGUUAGAGGUUGGGACGACAGA,1
UUGCCUGUACCCCUGCACCUGGUCCUACACCUGGCUCCUGG,0
CAAAUUAUAAAAACCAUUAUGCUAUCAUAUUCAUAAAUGAA,0
AUGGUGAUCUCUAUCCUCCUGUGGAGGAGCCAGUUGCUAGC,1
UAAACAGUUAAUUGCACUAUGGCACAUCCAUCUGUUAACAA,0
GGCAGCCCCCCGGGCUCGGCGCUGGCGGCAGUGGCGAGCGG,1
UGUCAAGAAGAGGCCAUCCUGGGCAGCACAGUAGAGGCAAA,0
GAGCUGAAAGCUGAGGAUCGGAGCAAGUUUCUGGACGCACU,1
GUGUUAUUAAUAUUAUUACUGAGAAAAAGAUAGGAGAAUGA,0
UCCCUGAGGACACCAAAUUGGAUGAGAGCAAGUUUGAGAGA,1
CGGUUGCGCGUGACGCACCGGGUGGGAGCGGAGACCAGGCC,0
UUAGUGAAGGCUAAUUAUUUGUAUUUAGUUAGCAUUGAUGU,0
UCUACAUUAGGCCUCAGGUAGACACGACUCCAGGUGGGCAU,0
CCCUCCUGAUCUCAGAUCAUGAAGAGUGAAGUGUUGAGAGU,1
GAGAGCAAAAAAAUACUGUAGAUCUUCAAAGAGCAUCUCCA,1
CACUUUAGAAUCAAGGGUGGGGGAGGGAGGGAGGGAGUUGG,1
GUGAACACCAGGUCUUAGGUGGACAUUAGGCCCCUGGUGGA,0
ACCCUGGGCGUGAGGACUAAGCAAGUCCCCCACAACUCAGU,0
GCCCUUCCGAUUCCACCUCCGCCUCCACCUCCCCCUGCCAC,0
AGAGGGAGAAUGAAGAGAACGCAUGCAAAAACAAAUUAACU,0
CGGCGGCGGCCGCGGCCGCGGCAGGAGGCGAGGCGGAGGAG,1
CAUUCGCAGACCCCUUUGCUGAUGCAACUAAGGGUGACGAC,1
UGUUUUAAUAUGGAUGGUUUGAUUUCUGAAACAACCUUUAU,0
CUGUGCCUGGGCCCUGGGCUGAUGGAAGAUGGUCCGUGCCC,1
UUGGGACCUGAUGUUCACCUGGAGUGUAGGAAUUCACGUGG,0
GAGAACAAAUGGGUUAAAGUGCUUUUUAUUGGCUAAUGACA,0
CGUCCGCGUCCGCCCGGGUCGUGGCGGCGGGCGCCCAGCGC,1
AUGUUUGCAACAAAUCUUUUGUUGCAAGCAGUGUGUCGCUU,1
AAUUUUACAUAAAAAUAUAAGCCUUUAUAUAAAUAUCAAUA,0
UUUUGAAUUGUCCAGUGCCUGUGAGGAUUCCUUACUCCAAG,0
CCACUUCCACCACCUCUUCCGCCCGCCGCCGGGCCUACUGC,1
CAGAGGGCCUGGCCAUGGGUGAGGGCCCUGGGUAGAAGACC,0
ACCUUAGCCUUUGGGAAAAUGACUAGCCUUCAGUGGAGCAC,0
GUGAGGGGCCGCCUAAGGCCGAGCGGGCGCGGCGAGCGGCC,1
AAGGAUUAUGUUUUUAAAGAGCUUCAAAGAGACUGGCCUGG,1
CUCGGAGGAACCACCCCCAAGCCCAGGGGAGGAGGCUGGGC,1
CGCUCCCCACCUACCCAGCUGAUGGGGGUUGGGGUGCUUCC,1
UGGGGCCAGAUGUCAAUCUGGGGCCUGAAGUCUACUCAGGU,0
UACAGUAGCACAGCUACUCUGUAUUGAAUAAACCACAGAAU,0
CAGAGAUCAGUAAAAUCAAUGAGAAAUGCAAUGUCCAUUUG,0
UAGCAGUGUAGAUCAUUCCAGAUCAGUGGGGGAGGGCACCU,1
GUAAUUAAGUAAUAACAACUGGCAAAAAAGAGAAACUCAAC,0
GGUCAACAGGCUCCUGGCCUGCUACAAGGGCACGCACAACU,1
GAAAAGUACCAGUUUUCAAUGUCACACCCAUAAUGAGAUGG,0
CCGGGAAGGAAGGGGGCGGGGCCGAGGCUGGCGGGCGCGGG,1
UGGGUUGAAUUAUUCACCUAGAAUUUGGUAUUCAUUUAGGG,0
UCAGAGCAGGGAACUGGUUUGGAUAAAGUGUGUGACAAGUU,0
AGCAAGAAACAGCAGAAUUGGAGGAGAGUGUAGAGUCAGGG,1
AAAAUAGAACAAAAUUUUUUGAAGUCAGUUGCCUAUUAGCU,0
GGGCCUAAGUGCCUCCUCUCGGGACUGGUAUGGGGACGGUC,0
AGCAUCAUAAAAUAAUACCAGUCUUUAUGAUAUAAAUUAUG,0
AUGGCAGGGUGGGGAGGGGUGGGGUUGGUUCGGGUGGGUGA,1
AGAUGCAGGUGACAGGCACUGUUGCCACCAGCCAGGAUGGC,0
ACAUUCACACACAUUUAAUAGUGAGUCUUCCUAAAGCAAAA,0
ACCCCACUGUGGACUACAGCGACAACCUGACCCGCCUCUGC,1
CCCGCGUGGCUGCGCGCGGCGCUCUGGGAGUACGACAUGGC,1
AUUUCGAUUGCACAGAGGAGGAGUAUGAUGAAGAUGCUCAG,1
CUGAGGCAUGAUGUCUACCUGAAGCUUAAUGUUCAUCUGAG,0
ACAGAUACUUUUAAAGUUUUGUCAGAAAAGAGCCACUUUCA,1
UUUUAUAAUAGAGCUUAAAAGAUAGUAAUAGCGCACAUAUU,0
UCUCCCCAUGGGAUUGCGUCGGUCCUGGGGAUGCUUCAGCU,1
CCUCCCCGGCGCCCGGGCCUGAGGACUGGCUCGGCGGAGGG,1
GAGUUCCAUGGUGAACGUCAGAGGAAGGAAGAAGAAAUGAA,1
UAUAACUGAAGGCCUCCAAAGAAUUUGUGUCUGUCCAUAAG,0
AAAGAGAAAAAGAAGAAACGGAAGGCAGAGAAGCAUCGAGG,1
CCCUCGGCCUCCUCCUUCCAGAAAACCUUCUCAGGACCCCA,0
ACUAUUAUUUCCCCUAGAUUGAUGCCAAGAAGGAACAGCUA,1
CCAUCCCCAUCGUGGGCAUCGUUGCUGGCCUUGUUGUCCUU,1
AGAGCGUUUGGAAAUUGGAAGACUUGGUGGCGAACGAGGGU,1
UCCUCUUCCCACAGAGGACGGGAGGGGCAAGCUGCGGCCAA,1
AUAUGGAUAUUGAAGAAUAUGAGCAAACGAGAGUAAGAAAA,0
CACCUCAGAGUAGAGGUUAUGAAAGGACCCUGAAUUGUUCC,0
AGGAAGGAGAAGGAGGAGCGGACCAAAGGCAAGAAGAAGUC,1
UCAAGCUCACAGUCAACAAAGGGUUGAGUAACCGUUUCCAG,0
CCUUGUUUCUUGGGCUGGGGGAGGGGUGGGGGGAACAACUG,1
CUGCUGCGGCUCGCCACGCUGCUCCAGAGCCCGGCGCUGGC,1
CCGCCGGCCUCGGAGGAGUGGCGGAGGGGCCAGGGCUAGCC,1
UCUAUUGACAAGGAAGCUAUGCAUGUUGCAAGUUUCACUAA,0
GAUUGCCUUGGGAGGGCACCGUGGCACCGGAGAGCUUGGGG,1
GUGGAGGGAACGGGGUGGGUGCCGAGGGGCUACAUGGCCAU,0
GAAAGAUUCAUUGAACUUAUGAUUGAUCUAGAGGUAAGAAA,1
GGAGAAUGUGUUUUCCACAAGUAAACAGUGAAGAAAACACA,0
CCUGUAGGUAGACGAAGAGCGGCGGAGUGCAGCGGGCAGUG,1
GGAAGCUGUCUGCCUACCCUGCAGGGAGUGCCUCUCCUCGG,0
UGGGAGAGGGAGGGAGGAAGGAAGGGAGGGAGGGGCUGGAA,1
AGGCUUAUGGUUACUUACAUGGAACAGUUGAGGCCAUUAAA,0
UGAGGCCUGGUAUUAAUUUAGAGACUGGUAUCCACCUGGGG,0
GACAAGAAGCAGCACCCACUGGUUCCUGCUCCAAAAGCCAU,0
AGACACGAGAUGGACACUCAGGCCACAAGUGAACAUCUGUC,0
GCCAAGCACUGUUUAAAUUAGAUAAUGAAGAUGGGUUUGAG,1
CCCGCUUCGAGACGCGGCGCGGUCCAGGCGGGAGGCGACUC,1
UUAUUUUUCCCACAAAAUUAGUUUAAGAACACAUAUAAUUA,0
CAGGCUCCAGCUCGCCUCCAGUGGAAGCCCGAGCGCCCUCA,1
CCUCCCUCAGGAGAUUGGGGGUUGGGGGAGGCAGCGGGUGA,1
CGGUGGCCGGGGAGCGGGCGGGUGGGGGCGCCAUGUGGUUC,1
UGGGGCCUUGUGUUCACCGGGGACUGGUAUCCAGCUGUGGC,0
GGCUGAUUAAGUUGAAAGAAGAUUGCCAGGCGAGGUGGCUC,0
CACCAGCCCCAGGUGUCAGGGGUCAGUGCAUUUGCCUCAGG,0
ACGUUGUCAUCGAAGGGAAGGGUGGGGGGCAGCUGCGGUGG,1
CCUUCCCCGCCCCCGUCCCCGCCCCGGGGGCCGCCGCCACC,1
CGAUAUUUCUGUUAGGAGGAGGCAGUGUGCCCUAAAAAACG,0
GGCCCAGGGAUGCUGCUUCUGGGUCUGAACCCCAGGUAUGG,0
GCUCGUGUCGCCCACAGGUGGCAAGAAGAAGCCACUGAAAC,1
GAGGCAUCUAUUAUAAUUCGGAAUACAAAAGAGCCCACGCU,1
CUGACACUUUGCAUCUCCCUGUGUGGGUAGACAAUGAUGGC,1
GCUACUAAUCUAAAAAUACAGGCUCUGGGUUUAUAUGGUGU,0
UGAAAGACAACUAAACAUAUGCCAUCUAUAACAAGAAAGGU,0
GGACCCCCGGGGCUGCAACCGCCAGCGCCUCAGGGGCCGCC,0
CCACUCCUCCAUGAGGGGCUGAUGAGGGGUGGGCAGCCUGG,1
GCAGAUAUGAGUCUAAUAAUGAUAAAUGAUAUUUAACCUUU,0
ACAAUGUGGAGUGGUCGGAAGAGCAAGCCGCGGCGGCGGAG,1
ACUGAUCUUUCCAGUCUUCUGACUCGAGGAAGUGGGAACCA,1
UGGGACCUGAUGUACAUAUGGGACCUGGGCAUCCAUCUAGG,0
AGGCAGUAUUCAGUGCCCUUGUGACAGGGCAUGCCAGAGCU,1
CUCUUCUCUGCAGCGGGCCCGCUUCAAGGUGGGUGAGUCUU,1
AUAACGGCGGGGGAGGCCGCGGUCGGUCUCAGUCGCCGCUG,1
AAAUGUAGAUUUUGGCACACGGGGACCUAAGACAAUCCUGC,0
CAGCUCCAUGGGUCUCAGCUGGCUGGGCCCAUUUGGGAGUU,0
AGCUGGUGAAAAUAAACAUUGAAAAUUACUUAAAACUUCAA,0
GGCGAAACCGACGGCGCCGGGAGGACGAGGGACGGCGCAGA,1
AAAAAACUGGCAUAGUGCUUGUAGCUUUUCUGUAAUUUUUA,0
GAUUCCCCCCCAGGGACCUGGCUCAGGGGACGAAGCCAAUG,1
AAGCUCCGCUUUCUCUUCCUGCUCUCCAUCAUGGCGGUGAG,1
UCAUCAACGAGCUCUCCAACGUCAUGGAGGCUAAUGCCGCU,1
GGACACUCAGGCCCUUUAUAGACAUCUGGCUCCAUGUGCAC,0
UGAAAUCUUAGUGUCAACCUGGGGCCUAUGUGUCCACUUGG,0
UCCAUUCAUAAGCAGAAAAGGAAUAAUGUAGGACUCCUUUG,0
UUUCAUUGAAAUUAUGAAUUGGAUAAGUGUUCAUACCUUAA,0
AGGUUGACAUCACUCUCAAGGUGUACAUUAGGCAACAGAUG,0
GUGGGAGGCACUCACCUUUUGCUCAGCCUAUUGUGGCUACA,0
AGCUUUAAAUUAGACGAUCGGAGAAGGCUGAGGGAAUUGCU,1
AGUUGCUCCGUCCCACAUCUGGGAAAGGUAUGGAGGUCUAC,0
GCCGGCCCUUGCCCCCCGCCGCACAGGAGCGGGACGCCGAG,1
GAUAAGUGGGGAAGGACAGCGUUGCAUAGAGGGGUAAGCAG,1
ACUAUAGAGAAAAAGAAGAGGAGGAGCAGAGAAGGGCAGAA,1
AGGAAAACUCCAGGCUCCAUGAGGGCACUCAGACCCCAGGU,0
ACAAACAAUAUGUUACCUCAGAAUACAGUGAUAACUUUUGU,0
AAGCCAAAAAGAAACAAAAAGUCACAGAUUUAUAGAUGAGC,0
UGUUGUCCUUAGAUUUCCCUGUUGUAAAAGGGGCAAGAAAA,1
CCCAGGUAGACAUUAGACACGAGAUGGACACUCAGGCCACA,0
AUAAAAUGAUUUCUGUCUCAGUUAAAAAAUAUUUUUUGCAU,0
CAGAGAACUCCCGUGAGACUGAAGGUAGGCAGUGAAGCAAA,0
CCACACAGGAGAAUGAGCAUGCAAGGAGGUAGAGGGUCGGU,0
UUCACCUUAUGAGGGGUGCAGAAGGAACAAAAGUAGAAAAG,0
GACACAAUCUUUAUAUUCUAGAGUAAAAUGUAAAGUAAAAU,0
UACUUCCGCUCGGGGCGGCGGCGGUGGCGGAAGUGGGAGCG,1
AGGUUCCAAAUGAACAUCAGGCUCCAAGUGAACACACAGGC,0
AGACUCCACGAUACUCCUCUGUCCCCACCCAGGGCAGAUCC,0
UUCACACCGAUAGCAACACCGUCUUGGGCCAGAACGACACG,1
UGCCACUUUGUGUAUCUUCUGUACCUUGAAGUCCCUCAGAA,0
UGCUCAACAGAAGGAGGAGCGAUACAAGCGGCAUCGGCAGA,1
CUAAUAUGAAAUGUGGAAAAGAAUGAAGAGCAGCAGUAAAA,1
GAAACAACCUUUAUUCUCUUGAGAGUUAAUACCCUAAAAUA,0
AGCCCCAGGUGAAUACCUAUGCCCUAAGUAGACAUCAGGCC,0
UGACGUCUUUGCCCCGCGCCGCGCCGUCCCACCCAUCUCCC,1
CUGGAUCCUCUUUCAGGCGGGAAUGGGAGGGCGGGCACAGG,1
ACAUCCCCUUGGUCGUCCUUGUGGGAGGCACUCACCUUUUG,0
AAAACAAAUGAGUAGAAAGAGUUCAUGAAGAGGCCCUCCUC,1
AGAGAGCGAGAGAGGGAACGGGAGCGAGAAAGAGAAAAAGA,1
CCGGGCUUCACGCUGCCGCCGCUGGGAGGCAGCCUGGGCGC,1
AGCGCGGCCGACUUCGGCCCGCUCCAACUUGGCGGCGGCGG,1
UGCCAGUCUCGUCGCGAGAAGCAGCGGCCCGGGGCGACUGA,1
UUUGGCACUUCGUCACUUCUGCACCUGUCGAGGACAAGUAC,0
AGCUGACGGAGAGGGCCACCGCCCAGCAAUAGACGGUGCCU,1
AUAAAUGACAGGCAUUGUAAGCAUUGAAACUAGCGAACACU,0
UUCACAGCUCAACUACACUCGACCAGGGCUCCCCACGCUGA,1
UAAUGAAGGCAGUAUUGGAAGAGUUAAUGGAGGCCACACCC,1
UGGGAACUGGGAAAGAGACAGAAGGCGUCUGGGUGCUUUUG,1
AAUUAUUUCAUAUAUAUUUUGAGAAAUAAAAAGUUAUAAUA,0
GGCGGGGGCAGGAGGGGAGCGGGGUGGAGGGAACACGUGCA,1
UUGGCACCAAGUACCUAAGUGAAACAAAGCCUUAGGUGAUU,0
CGUGGGACCCUCCCCCUGCAGAGCGGGAGGCUGUGGACACA,1
CUACCUAGGACCUCUUCUCAGCUCUCAUCAAGGGCCCCACU,1
GCGCCCGCCACCCCCGGCACGGCGGGGGACAAGGGCCAGGG,1
AGUUCGAGCCUCUGAAGAGCGUCUAAGCAAUGGGGAUAUAU,1
GCCUUGCCUGGCCCUGGGCAGAGAGCUGGUCUACAACCGGC,0
GGGACCUGGGCAUCCAUCUAGGACCUGAUGUUCACAUAAGG,0
UAGUACCUCCUGUCAUAGUUGCAUAUAUGCCAGAUUGAGGG,0
CUCCUCACUGGGCUGGUCCUGGGCAGUCCCAGGGCAGCAGA,0
CCCGCUGGGCUCAAGGAACAGCUCAGCUAAAGCCCUCGGGU,1
UAAUUAUUUGUAUUUAGUUAGCAUUGAUGUAUUUUGUUUUC,0
AUCCUGUGGAACCUCUUCUAGUUCAGGGGUGUGAGCAUUAG,1
CAAAUACACUGAACUUGACUGUAUUCACCAUGUUCUGGCUC,0
UUGUCUUUUAAGUCGUGGAAGUAUGGGCAGGGAGAAGAAUG,1
CAGAAUUAUAUGGAUUUGAAGAAGUAACAAGUGGGUUUCUC,0
AAUCCCAUCUUUUCUUCUAUGAAGUUUGGGAGAAAAGUCAA,0
GCGCAGCGCCUGGUGCGCGUGCUGCAGAUCUGUGCUGGCCA,1
UUUUUUUUUUUUUAAGUUCAGUUCUCCCUUAUGGCUGCCUU,1
CAUUAAUUUGGUUCUUUACUGUUUUGAGGGGAGAAAGAACG,1
UACACACCAGGCCUCAUGCAGGAAACCGGGUCAUAGGUCAG,0
UGUAAUGCUUUUUUUUUUAAGCACAAAUGUGAAUUGGGUAA,0
UAAAAGCUUUUAUUUUACAUGAUUACACUUCAUUGUACUAG,0
UGGACUGGUCAGAAGUGAAGGAAGAGAAGGAUAACUUGGAG,1
CAUAGACGAGCCUCUCUUCCGGUCCUGGUUUAGUCUGCUAC,1
UUGCCUGCACUUACUGAUCGGAAGAGAGAAAGAACAGUUUC,1
AGACAACCUCAGGGAGGAGUGUCCUGGCGUCCCCAUCCUCC,0
GGCACUAGAUUGACACACAGGUACCAGGUGGAUAUCAGGCC,0
AGUGUCAAGGAGUGGGGCGGGGUGGCGGGGGAGAAGCAGCC,1
CCUAGAGUCUUUGUUCUUAAGAAUCAAUGAAUGAGUUCAUA,0
CUGGCUAUCACUACCAUUCUGAUAAUGGUAUUAGCUGUCCU,0
AUAUAUAGUAUUUUAUAAUAGAGCUUAAAAGAUAGUAAUAG,0
UCCUGGCUGAACCAAACCAAGAGCAUAAGGGAUGAUAACCU,0
UUAUUUGACUUAGGGCAAAAGACUGAAUGUAAAUAGUAGCG,0
GCAGCAGCCAGUAAGGAGGAGAAGGGGAGAGAGCUCAUUUG,1
AUUUUCUUCAGUGAGCAUUUGUGAAGACUCGGGGAUCAAGG,0
UGAGCUCUGAUGUCCACCUAGAGAUUGGGUAUCCACCUAAG,0
CAGCGCGGUGCAGCCCGUUCGCUCACACAAAGCCCAGACGC,1
UUUCCCUAGGUUCAGGGUCGGAGGGAGAAGAUGGCUUUCAG,1
CUGAACUAGAGGUUUACAUCGGGCCCCAGGUUGACAGCAAG,0
GUCCACUUAAGGCCUGAUGUGGGCCUGGGGCCUGAUUGCCC,0
GGUGCCUAGGUGCCCACCGGGGGCCUUGUGUUAACCUGGGG,0
AUUUGAUCCCAAAGUCGACAGUUAUGUUGAGAAGGCAGUUG,1
CCCGGCCGCUGGCUCGCUCGGCUCGCGACGCUGCAGAGGCU,1
CCAGCUGAGGGAGGGCUGGGGCGGGGGCCGGGCUUGGAACG,1
GGGCGGCCAGGCUCACCGAAGAUGGAAGGGACAGGCAAGAA,1
UUUUUUCCUUUGGCAGGAAGGUGUCUUGCUGCAGGUAACUA,1
UAUUUCAUAUUAUUUCAUAAGAAAAAUUAUACAUGGAUUUU,0
AUGCUCUGGAGGCAGGAGAAGACGAGGAAGAGGUGUGGCUG,1
CUGAGGAAAUUCAAGCUGGUGUUCCUGGGGGAGCAAAGCGG,1
UGUGUAUGCUGUAGUCUGAAGUAUUUCAUUGAUAAUACUUU,0
GAAAUUGAAAAGGUCUACAUGCUACUAAUCUAAAAAUACAG,0
CUCAGGCGCCAGGUUCACAUGAUGUCUUAACUGGACACCAA,0
UCUCACUAAAAAGGAGUGUUGUGUGUGGCGGCCACGUGCUU,1
AAUGUGGAGUGUAAGAGAAGGAAGAGUUAAUGAUGACAUUA,1
UGUGAGACCUGCAGAGCAGGGGCUCUCACAAAGGAGGAGUC,0
GACCGCUGCGCGCGAGCCCCGUGUCCCCACGGCGGGCAGCA,1
CCUCGUCUCCCUGACUGUCCGCAGGCCUGGGCAGCAUGGCC,1
AAUGUACAGAGGGAAGAAGCGUCAUGAGAUGCCUCCACACA,1
CUCAACACUCCUCCCCUCAAGGAAAGCACACUGCACCCCAG,0
UUUACUUAAGCAUCACUAUCGCCCUCAAAUGUCAAGUGGAA,0
UGGGCCUGCGCCUGGGCCGCGGGCAGGGGGCGGCGGACCGC,1
GGCCCCAGUGCAGUACCCCAGCUCAUGGGGGACUCAGCAAG,1
GGUCAGUCCAGUACUACCCUGUGCUCCUGGGCAAGCUCUCC,0
ACAACUUAGCUAGGGCAUCUGUGGGAAAUUAAAGAAAGGAA,0
GUGGGGCCUCAGGAGGAAGAGGGCCACCAACCCUACCUGGC,0
GUUUCCCCCGCUCACCGCGGGCUAGGGAGCGUGGGAUUCCG,1
GGCGCCCCUGGCGGUCCCGCGCUGGGGAACGGAGUGGCCGG,1
CUACUAACCGAUUAUGCAAUGAGUGCCACUCAUGUGGUAUC,0
AAACCCCAAACCCGCCCUCUGUUAGGGGUGGUCUUUAUAAC,1
CAGUGUCAGAAGGAGGACCUGUGUCCAGCCCCUGUGUUCCC,0
UCUGGCCAGGCGAAGCCCACGACGUUGACAUGCCGGAGAUC,1
UUAUGUGUAGUGAUUCUGAAGAUGGGGAGAAGGAAAAUGAA,1
UAGGCAUCACUGAAAAAGUUGGAAUUAGUUAAUACAGGGAA,0
CUGUGGUACCUGGUGGGGGGGGUCGGGGGGGGCUUCUGCCA,0
ACAUUAUAGUUAGAUGGAUAGACAGUAAAGAAGGGGCUUUU,0
GUCUUUAUGAUAUAAAUUAUGUAAUUGCUAAUAAAUAUUAU,0
AAGCCGCCGACACCACUGCCGAUCCAAAGCCAAGCGCUCAC,1
UAGUCCUAGGAAGUUAAAAAGAGUCAGAAAAUCCCAUCUUU,0
CCAGCUUGGCCCUCACAUCUGUGAAACCCACAGUAAUGGGG,0
UCAAUUUUAGGACUGGUCCUGAAAUUCAGAAAUGCCUUUCC,0
CUGGUGACUGCCAUCCUCUUGAGGCCUGAUAUCCACCUGGG,0
UCGUCACGCUCGCAUCUAUAGAUAACGGCUCUCCAGACCUG,1
GGAAGCACUAUAGUUACCAAGUGGUGGGGGUGGGAAGGUGA,0
GUCAAAAUAUGAACUUCUAUGGUACGAUCACCCUCACUGUC,0
AGAUUGGGUAGCCACUUGGAGAUCAGGUAUCAACCUGGGGA,0
CCAGCCUUCAUCCGGGCCUGGGUGGGCGGGGUCGGCAACUA,1
UUACUAGUCUUACAGAUAAAGAGAUGUAACUGGGGCAUAAU,0
CCAGACAGUUGUUUCCACUUGACUGUCAUUGAGCUGCCAAU,0
AUUAUUGAUAUUAUUAUUCUGAGGCUGUUCUUUAUGUAUAA,0
AAGUAUUAAAUUUCACAUAUGUUAACAUCUUAAUUAAUAUA,0
GACAUGCACGUGGGUUCCCAGUAGCAAGAAACUAAAGGGUC,0
CUUCUCUGUAUUUUUCUUCUGUUAUCCCUGGGGGUGCUCAG,1
CUUAGGGUGGCUGCCAACUUGUGGGCAGAGACCCUCACUUU,0
CAGCCCGCGCCUCCCGCGACGCUCACCCUGAACCAGCUCCG,1
AACACGUACGACAUCCACCGGCUGGAGAAGAUCCUGAAGGC,1
CGGAGACCAGGCCGGGAGCAGGCGCCACCGCCAGCGACCAU,0
GGAAGAGGCAAGUGGGUUGUGCUUUGACAUAAAGUUUCUGA,0
CAGGCCCUGGAGGAGGAGCGGCGGAGGCGUGAGCAGGUAGA,1
GGCAUCCCCUAUGAGAGACGGCUUCUCAUCAUGGCGGACCC,1
UUUCAGGAGGAGGAAGAGCGGCGGCACCAAGAGCUGCUGCA,1
CUGAACCCUCCCCCCCGCCAGGUCGGGGAGGGGUCCCACCA,1
CUGAAAUUUUUUUAUUAAUAGCUCUUGUUUUCAGCAGUACA,0
UAUAAAAGGUUGAGUUAUAAGUAAAUAUAAGAAAUUUAAAC,0
AAGCCUCACAUGGAUACCUAGUCCCCAGGUAGUAGACAUCA,0
UCAACACAGGGGAAGAGGCUGCUGGGGGUGACAGGCUCAUC,1
ACAAAAAAGGCAGGAAACAGGAAGAGAGGAUGGUGGCACAU,1
GGUCUAGAAGUAGAGAUAGAGAUAGGAGGAGAGAGAGGUCU,1
UGCUGAAAACAUUUUCCUUUGGACUUCGAUGAUGUGACUAU,0
CUCUGGACACCAUGAAUUUUGAUGUUAUAAAGGGCAAGCCA,1
ACCUGAUUUUAUAUAUAAUAGGAUUGUACUUGACUACAUCA,0
GAAUUCUAAGUGCUUGCCAUGAAAAAAAAGUACACAUACAC,0
AGAGGCAUGGGGUGAGGCAUGUUGCAGGUCGAGGACCAGGG,0
GCCCUGCCUUCCGGGGGCCGGACAGGGCCCGGGCUGCUGUC,1
AAGAUACUGUUUAUUUUUCUGAUAGAUUUCAUAGCACUCCG,0
AGCACUACAGUGACCAACAAGUCAAAAUCAUUUGUGACAGA,0
UGAACCCUAGGUCCAACAUAGACAUCAGGCCUUAGGUCGAC,0
UGGAGUCCAGUGUAUACCUGGGACCUGAUGUACAUAUGGGA,0
GUGUUUAAGAAAGUAGCUAUGUGUUAAACAGAGGUGAUGGC,1
CAGGUGGUCAUUAGGCCACAGCUGAACACCAAUCUUGAGGG,0
CACGGGCCGCAAGCUGGCCCGCCUGGGGCUGGUGCGCUGCC,1
CUCUCUUUUCAGCUAAAAUGGAAGUGCAAGAAGGAGGAUGA,1
UUGAUAUUUUUUCUUCUUUUGCUUAAACAGAAGCCCUGGCC,1
CUGGGUUCUAGGGUCCUCUUGGGACCUGAUGUCUACCAGGA,0
AUUAUACUCUUAAAUUAUUUGAUUAUUCCAAACCAUCAGCA,1
UUUUCGAGACGCAUGGAGCGGAGGAGAUCCGCGGGCUGGAG,1
UGUUGCAGGAAUGUGCGUCGGGCUAGGUUAUCCAUGAGUUU,1
GUAGACAGCAGGCCCCAAGUGAAGACCAUGCCCAGGUGUAU,0
UAGGUUCCUAAGCUCUAGUUGGACAUGAGGUCUCCAGUAGA,0
GAUGAUGAUGAUGAUGACGAGGAAGCUGAAGAAAAAGCGCC,1
UUCUCCUGCCUCAGCCUCCCGAGUAGCUGGGAGUGCAGGUG,1
CGGGCUCCGCGCCCCCCGGCGAGCUGGCCCCGGCGGCGGCC,1
AUGCAGCACAAGAACAUCUUGCUCUCUUGAGCGUCUCCCAC,0
GGUGCAGGCAUGGAGAUUCUGGGGUGAAUCUGCUGAGUUUA,0
GUUUUUUCAUCACCACAACUGAAAAAACUUGACCUUCACAA,0
GGACUGCAGAGGCAUAAAUUGGAUUUCUAAUUCUGGAGUCA,0
GGCCCUCCUGGGGAGCCCCCGCUCCAGGGCUCGCUCCAGGA,1
AGAAAGGUAUUGUUAGACGUGGUUAAAAUUGCUCUGCAGAU,0
AGUAUUUAUGUAAAUAAACAGUGCCUGACACGUGAAUUACU,0
AGUGGGAGGCCUGGAGGAGCGUCCUGGGUGAUGAGAAAUCC,1
AAUGAGCAUGCAAGGAGGUAGAGGGUCGGUGGUGAAAAAAU,0
UUUAAAGGAAAGGAAGCCCGGAAGAGAGAAUUAAAGAAGGU,1
UUUAGGGCUAGUUUAUAGGUGGGAUGUGCAUUCUGAAAGAU,0
AUAGAAGAAGGACACAACCAGGAAUAAGGGAAAAAAAAGAU,0
UAAGACAUUGAAGAGUCUAUGACUGUUCCAGAAAUCUGAAA,0
GUGUUUGGGAGUUGCUUGGGGUUGGGGGUCGUGGGGACAGG,1
CAAACAGGACAGAGUUGGAAGAGGAGACUGGGAGGCAGCAA,1
GACAUGUAUGCAGAGGAGCGGAAGAGGCAGCAGCUGGAGAG,1
GUGAGGCCCUGGGGGAAGCUGUCUGCCUACCCUGCAGGGAG,0
CCUGCCUCCCUUUCUGGGAGGGCGGGGUGGGGGUGACUGAA,1
AGCCCUGGCCUCAUUCCCUUGGUUCCAGGACACCCAGCUGA,0
CCUCCCUUAUCUCCCUCAUUGAGGAUUUUGGGAGCCUUGGA,1
UUAGGCGCCCGCGUGGCCGGGACGUCCCAGUCCCGCUCCGU,1
GAAGGGUAGGUAGGAGAGCUGCCCAGUUCGUGAAGUCAGAA,0
GACCAUGGAAGGAAGGGGUAGAGAAGGAGGCCAACAAGUGA,0
UGGAUUUAUUUAUUUUCCUAGACUUUAUUCAAAUUCUACAU,0
CACCUCCCCCUGCCACAGAGGGGAGACCUGACCCCCCUCCC,0
AAGGCUCUGAAGGAGUUUUGGUUUGGCUGGCCAUGUGUGCA,0
CGGUAGCGGCGGCGGCUCGGGCAGAGGGGCGGGAGCUGAGG,1
CCGCCACCCCAGCAGCUGAGGAGGGGAUUCUGGAACCGAAU,0
GUGUCUGGGGGCGGGGGCAGGAGGGGAGCGGGGUGGAGGGA,1
AUAUGAAGUUAAAAUCAAAUGUUAUUUUAAAAUCAGAAAUA,0
CCCGCUCGGCGCCGGGGCGGGAUGGAGUUACGAGAGGUCAG,1
CUGUGUUCUGCAGUUGAUCAGAUGGGAAGAUGGUUUGUUGC,1
AGUUCCCGCCCCGGAGAGCGGCGAGGCGGCAGCCACAGGUA,1
AGAGCUACAGAUAAAUGACAGGCAUUGUAAGCAUUGAAACU,0
AUUAUCAUACAAUAUAACUAGCAUUUUAUUAUCAAACAAGA,0
CGGGUGCGCGGCGGCGGCGGGGUGGCUGGGCCGGCGGCGGC,1
CUUCUCUUUGGCCACCUCCAGGGCUGCUCUGUCACCCCCAA,0
GUGGGUGGCCAGACAAAGGAGUAACUUGGUGAGGAAUGUGC,0
CAGCCCCACUGCUGUGCUCCGUUCUGAAGGCCUCGGGUUCU,1
AACAAACAAAAGAAGAGAAGGAAGAAGAAGAAGAAGGUCCU,1
AGAAUGACCAGGAGAGCCAUGGGUAAGCUCCCUCCUCAGUC,0
AGGGGCACGCAGGAUUCUGAGCACUAGGGGCAGAGGCGGCC,0
AGAAUCAAUCAAUAAAGAAAGAUGGAAGGAAGGGAGAAAUU,1
UGCUCAGAAAGCCUUCAUAGGCUUCGAGGGUGUGAAGGGAA,1
AGGGCCCGGAAGUGGGUCGCGCGGAGAUUGCUGGGCGGUUC,1
AAGCCACCGACAAGAGCUUCGUGGAGAAGGUGAUGCAGGAG,1
CUGCCUCCAUAGCUUCCACUGUGCCCAGGACUGGGAGCAGU,0
UUACAAAUGCUGAAACAUUUGUACAUCCCAUUGUCUAGAAC,0
GGAGCCCGGGCGGGGGGGAGGAGGAGGGGGAGGAGGGAGCG,1
GGACUGUAAGAUCAACCGCCGGGGCUGUAGGUGAUGGCUCA,0
GGACGCGGAGCAGCCGACGCGCUACGAGACCCUCUUCCAGG,1
UCUGAAUUCUGCAGGAUCCCGUGGGGACACAAGUGUCAGGA,0
CUGGCAAAAUCAUUUCAUUAGAAAAAAAUAUCAAACCUGAU,0
GGCUCCAGGAAGAAGUCUGUGCCCCACUUAAACACCGGGUC,0
UGUGUUAAAAAUAAACACCUGAAAUCUAAUUCCCUAACUAC,0
GCAAAAUGGGCUUCCCCCAAGAGCACUGCUUUGUUGAUCCU,0
UUAAUAAAACAGAAUGUCCAGAGCAAAGGCAAUGUGAUUGG,0
GCGCGAGCGGCGGGCUCUUGGGUCUUUUUUAGCGCCAUCUG,1
AAAGAAAGGCUCUCACUCCUGCCAUUCCUGAAGCCAGAGCC,0
AGGCAGGGCUGCGGCAGGCAGUGGCCAGUGGAGGGAACGGG,0
CUCUUUUGAUCCUCAGCGUCGUGCCCGAGAAGCUAAACAAC,1
CAGGUAGACAUGAGGCCCCAGAGGAACACCAGUCCUUAGUC,0
UGUCCUCUAUGACUUACCCAGAAGGCAACGCUUCUCUUUCU,1
UCCAUGCCUUUCAUUUUAAAGUUUAGGAAAUGCUUAUAGCU,0
GGACCCGCCCCCGGCCGGCCGCAGCCAUGGUGAGCACGGGC,1
AUGCUGGCGACGGGGGUGGCGGCGGCGGCAGCGAGUUCGGU,0
AUUGAAGAGCACUAAGAUCGGAAGAUGAGUGAGCUUGACCA,1
UCUUGCCAUUUUUUACAGCGGAGGCGAGCAGUACGACAGCA,1
GGCGGGCCUGGCGGCUCCCGGGUGGUGAGAGAGCGGUCCGG,1
GCAGCGGAAGAAGGAGACCGGAGGGUGUGUGUUGGGCAAAG,1
GUGGACAUCAGGUCAAAAGUGAAUAUAAGUCUCUAGGAAGA,0
CUAUACUAGACAAAUCUACAGUGAGAUUUUCUGUAUUUAAA,0
UACAAUCUGAGAUUUUAACAGCCAGUGCACUCCUGUUCCUC,0
GCUCGUCCGACGCGCCCUCCGCCAGCCGACAGACACAGCCG,1
AUCACAAUCUCUAUUUCCUUGAGACAAACAGUUUCCCUAAU,0
CCAGAAGUCAGGAUCGCCCAGCCAGGGUGGCCGUCCCAUGG,0
GGUGUUGAAUCGGGAGCGGCGUCUGAGGCACCGGGUGGUCG,1
UUGACACUCAAGCCCUAAGUGUCACCAGGCCCUAGGUGAAU,0
CAGCCCAGAUGGCACUCAGCGCUCUCCCCUGAGGGAGUCCC,1
UUUUUAAUAUUCAUAAUGUCGUGUGCUUAAAAGUGGGCUUU,1
UACCUGUGGCUGCCAUUUAAGUGGAAGGUGGAAUCCGACUC,0
ACUUCCUCUUCGUUAAGUCGGCCUUCCCAACAUGGCGCAGU,1
UCACUUUAUUCUUUUUAGCUGUACUAAACGAGCAGGUGAAG,1
UUUUUAGCAGAUUUCUUAAUGAAAUAUAUACCAUACUCUUU,0
GUAUCCAGCUCGGUCCUAAUGAACACCUGGGUUGAAUUAUU,0
UCUUUUGUGACAUUGGAUGAGAUUGGGGAAGAGGAAGAUGC,1
CUGCUUGGCUUUCGUAGGCAGUUCCAGGGCCACACAGAUGG,1
AUAAAGGAAAGAAAUUUUAAGUUUGAUUUUUCCACUAAGCU,0
GUUUUUGUUUUUUGUUUUUUGUUUUUUUUGAUUCUAUAUAU,1
CUUGCACUCCCCGCGCCCACGUCCACUUCCACAGGGCGGAC,1
GGAAUUGGAGGAGAGGGAUCGAAGGGAGAGCAAGAAGAUCG,1
GAACUUGAGUGAGGGGCGUUGUGCAAUUUGUGGCAAGGCUG,1
GAAACCACGGAGCCAGAUCGGAUACAGUUUGUGGAGGGGCC,1
AUAUUAUCUCAUCUUUUAAAGAAUAUUUACUAAUUCACAGA,0
AUCAGCACUUUUAUAAUUAUGAAAAUGCUUUUAUGUCAGAA,0
GACUUUUAAUAUUUCAAAAAGUAUCACGUAUCAUAUCUCAC,0
CUGGCCCUAGGCUCAGGCCAGGAUCAAAAUCAAAGUCAGCU,0
AACUCAGCCCCUCUGUACCAGCCCUGGCCUCAUUCCCUUGG,0
GAUAUGCCACUUUUAUAAUAGACAAAGUUAACCUGCCUUAA,0
CUGUCUACUGUGAUCCUACGGGGUUAAGACAAAGGGGAAAU,0
AGUGGAGCUGGCAAUCUGACGAUGCCUCUCUUUGGACCCUG,0
UCAGCUGGAAGAGCUGGGCAGUGGCAGGGGACCCCGGACCC,0
AUGGUACGAUCACCCUCACUGUCACUUUUACAUUUCAGUGU,0
AGAUCAAGAAGUAAAGAUAGGAGGAGAAGGAGGAGAGACUC,1
GUCGCGGGACGAGGAGAUCGGAGCCGGGAGACUCGCGCAGC,1
AUCCUGCCAGAGCAUAUUAAGAAAAAUUCACUUUGGCAGAA,0
ACCUAUGACAUAUGGUUUUAGCAGUAAGAUUUGAUAAUAUA,0
UCCCCGCCGCGGCUCCGCCAGUUUGAACUUGGCGGGCCAGA,1
GCCUGGGUGGCAGGGGGUGGGUGGCCUGUGGGUGUGCCGGG,1
GUGAACACCAGGUUCCAAAUGAACAUCAGGCUCCAAGUGAA,0
AAGAAGAUUCGGAAACAGCAGCAGGAGUCACAGUCACAGUC,1
CUGGAGUACAGGAGUGCCGAGAUGGAGAAGAGCAAGCAGGA,1
GCCAAUGACAGGAAUGGGAAGGCCCACUGUGUCAUUCACAA,0
ACCCUCAGCAGGGAUGUCUUGAAGGCUCCUAACAAGCUGGA,0
AGAAGGACAGAUGGAGAGAUGGUGGGUGGCCAGACAAAGGA,0
UGAAAAAUGAUUAUUACUAAGUUUGUUUUCAUUGUCUCAAG,0
UGGAGCUGCUCUCAGAGAUGGAAGAGAACGAGCCCUACCCG,1
UAUCGAAGGUUUUUCCCCCAGCAGUAUGGGGGCGUACAGGU,1
CUGGGCACUGUGGGACAGGAGGGUCCCUGGUCUGGGGUCUC,0
AUUCCAUUGGUAGAAAAUUUGUUGAAGGAUGGGACAGAUGG,1
ACGACAGUGACAGACUCCCUGACCACCACGGGAGGCACACU,1
CUGAAGGAGCAAGAGGAGCGGAAGAAGUGUGUCAUCUGCCA,1
AGUAAAACACAGAGCAGUAUGGAGAUAUGACACUGGAGAGC,0
AUGCAUUAGCCUUGUGGCUAGAACACCCUCUUCCUACCUCU,1
AAUAUGUCUCUAGUUCUACAGUAAGGAUAUAAGCUUGGUUA,0
UCAUUUUCUUCCACUCCACCGUAAAAAUUGUCCUUCUAGUG,0
GUGUGAAAGGGAGGCCAAAUGAGAAAAUGAUGUUGCUUGGG,0
AGCUGUGACGUCACGGCGUCGUUGGUAAGGGGCUGGCGGCC,1
CGUGGUGAUCCCUACCCGACGCUCCACCGCCGAGGCCUUCC,1
UCAGUGAAUGAAAAGAAGAGGAGGGAGCGGGAAGAAAGGCA,1
GGGUGAGAAGGCUUCUGCCUGGAGGAGAGGGCAAACGAUCG,0
UGGUGACAGGUGGACAUCAAGCUUGGUGUGUACCUUGUCCC,0
CUGGCCGAGCUGGACCGCCAGAUCAAGAGCUUCCGCGUAGC,1
GGCUGCUGGAGUGAGGGGUCGCCCGUGCACCCUGUCCCAGC,1
AAGAAUAUGAUGAUGCAUGUGGGGACUUUUUUGGCUGGUUG,0
GCUCCCCUGACAGGCCAAGGGGCAGUUUAAGAAACAGUCAG,1
GUAUAACUAACUGGGUUCAAGGUUGGAAGAAAAAUGGGUGG,1
UGGCUUUACAUUGCAGAUAGGAAGGAGCAGACAUUAAUAUC,1
GAGUACACUUCUCUUUCCCAGUAAAUCAAUGUUGGUACUCC,0
AAUUGCACUAUGAAUUGAAUGUGUUACUAUCCCUUUCACAU,0
UGUGCAUCAGGCAGAAGGUUGACCCAGUCCCCAGCUGAACU,0
AUCCUUUUGGUCUAAAGAAUGAUAAGAUUUAGGAAUAAAAU,0
CCUUUCAAGAAGAUGAACCUGUUUUACUUCAUUUUUUAGCA,0
UCAUUUAAGGAGAAAGAAAAGAGAGCGUGUGAGACAGCUGA,1
CAGCAGUCUGGAAUGGAGCAGUAAUUCCAGUCAUCUGGAAA,0
GGAUGCAUAGCAAGUCCCCAGGUGGACAUCAGGUCAAAAGU,0
AAGAGCAAGCAAGAGAAAGAGAAGAGCAAGAAGAAAAAAGG,1
CCUGGCUCUGCCGGCGGCCUGUUGGGAGCUGGAUCGGAGCG,1
AUUUUCUAAUUGGACAGCAAGAUAAAGCUUCAUCAAAUCUC,0
AGGGGGGGUCUUGGCGGCCGGAGGAGGAGUAGGUGCGGGUG,1
CAUAGAAGAGAUGAAGAGCGGCCCCGGCGUCUGGGGGAUGA,1
CACAUCACCAGGAGGGUGUAGAAAUCUGUAGUUAAGCCCUG,0
GCGACCCCCCUCCCUAAAUGGAGUUGGGUGGGGGGGAAAUG,1
CCCACAACUCAGUUGAAAAGGGACCUGGAGGGACUUCUGCA,0
AGGGGCCUCCUGGGCCACGGGCUGGAGGGGCUGCCCAGGGA,1
CUUUUUUUUAAAAAUGGUGGGGGUGGGUGGGUGCCCAGGGC,1
AACCCCUGUAGCCUGCCUCUGCUCUCUCUUAACCAGUCCUA,0
GAAGCAGAUGAACGAGAUAGGAAGAGAGAGAAGGAGGAGCU,1
CUUAGAGGUGCUGACAAUCUGUCAAGGAAUUACAUGCAUUG,0
GCGGAGCGGCCCUGCGCGACGUGCUGGGCCGGGCGCAGGGG,1
UCACAUGAGAAAUUAGGGGCGGGUGGGAAGGGAUGGGACAC,1
GGAAGGAUAACAACAACUUAGCUAGGGCAUCUGUGGGAAAU,0
GGAGAGGGAACGGGAGGAGCGUCUGAGCAGGAGGUGAGCCU,1
CCGCAGGAAUCCUGUACUAUGUCUACAUGGGGCUGCUGGCA,1
ACUUUAAAAUACACACAAUAGUAUAUAAUAUAUCACAUUUG,0
UGGUGCUGGUCCCUCCCUUAGCCCAAGGGAGAGGCAAUAAA,1
UGAGGCCAGAUGACCACUGGGGGCCUGAAUGUCAACCUGGU,0
GGGUUGCGAGAUUUGCGCCUGCGCAGUGCGGCGCCUAGAGG,1
GGGGCUGGAUGUCGCCCAAUGGCUAGAUGUCCACCUGUGGC,0
CAGAGGACGAGGAGAGCAUCGUGGGGGAUGGGGAGACCAAG,1
UUUAGCUUGUAAUUGUAAAUGUUUGUCUAGCAUGGAGCUAA,0
CCGGUUGCCAUGGUGGCCCCGCAGACCCAGGCCCCUGCUCA,1
GUGCUCUUUAAGCGUGAUCGGAGGGAAGACACACAGCAGGG,1
CACAGUUUGGCUUUUUACUAGAAUAUCAAGUCACCUUUUUU,0
AGUUUCUUCAGUAACUGACUGUCAAAAGGGGCAGCCUUCAA,0
UGCAGAUCAGGAAGAAGAUCGAGGAGAAGCGCAAGAUCCUG,1
UUGAUAGAAAGAUGAGAUCGGAGACAAUGUUGUGUUAUAGG,1
UCAAAUUUAAGCUUAUAAAUGUUCUAAUCUACUUUUGAAUG,0
CUUCACUCUGCCGGGCUCCGGCACUGAGGGGCCCGCCAAGC,1
AAGAUACAGGUAUACAACAAGCCCCAGGCUGACAUCCAGAC,0
GCUUUUCAGAUUGAACCCUAGGCCUUACUCCCUCUCACCAC,0
CUAUUUCCUUGAGACAAACAGUUUCCCUAAUAUGGUAUUAU,0
AAAAGGGGCAGCCUUCAAAAGUAGAAUUCUGGCAAAUGUCU,0
GCAGCCGCUCCCAGGAGAUCGAGGAGCUGGAGCGCUUCAUC,1
UCAGGCCCCAGGUGAACACUGAACUCAGGGUGGUCUUCAGG,0
UUACUUGGGGUGGGGGGGCGGGGCUGACCCUGAACCCUCCC,1
CAAAUGAUCUAUAAACAUUUGAACAAGUAUGCUUUCUGAAG,0
GCGCUCUGCUGGGUGGGAGGGUGGGCCAUGGAGGGCAUCUG,1
UAAAGACAAGUAAUUUUAAUGUUACAGAAUAUUAGUAAUAC,0
GCCGCCGCCGCCUCCGCCGCGGAGGAAGACAGCGCCGCCCG,1
GCAUUGUGGGACUUCCUGCUGGUUGUUGGCCUUCACAUACA,0
GCACGUUACUCCGUCCGAACGCAGUAGACGAAGGCGGCGGC,1
UUUGGGAGGGAGAAGAGAAGGAAGAGCGCAGAGCCGGCAAA,1
AACUAAAGCAGCUGCCCCCGGCGUGGAGGAUGAGCCGCUGC,1
GCCUGGGGAUGGACCUCCCUGGAGCUGGGCAUUCAAGAGGA,0
UUCUUUUUUUUGUUUCAGAAGAACUGGACGGGGCUGGAGGA,1
UGUUGACCUGAGUUUACUAAGUAAUUGGCUAAAGUUAAUUA,0
AAAUGCAAAAUUAAAAUACAGCCCUAUAAUUCAUGAUACAU,0
CCUCACUUCUGGGGAGAGGAGGCUCCUCAUCUUGCAGACAA,0
UGGGAGCAGGAGGACCUGCUGGAACCCCUGCUCACAGGCUC,0
UGAACACAAGACCUAAGGUUGACACUCAAGCCCUAAGUGUC,0
AGAGAUUCAGAGCCUGAAAAGGGUGAGAAGGCUUCUGCCUG,0
GGAUCCUACAGGGGCCUAAUGUUACCCUGCAGAUUGGGUAG,0
UGGGGCCUGAUGUCUACCUGGUGACUCCUGUCCUGUGGUAC,0
AGAUUCCUUUCCGGCUCCGGGAGAUUAUGAGGAGCCGCCAA,1
CUGAGGGAACAGGAGCAGGGGUUAUGUUGGGUGAAAGUGGA,0
AGGCAGAGUUGAGUAUCAGUGGCCCUAGCAAUUAUAUGUAA,0
GCAGCAUCUGAUGCUGUUCAGAUGCAGAGAGAGUGGAGCUU,1
UAUUUCCUGGUUCGCCGGCGGCCAUUUUGGGUGGAAGCGAU,1
ACAAACGCUGCUAUGGGUGGGGUGGGGGGCUGGGGUGCUGC,1
UUUUAGUUAAACGUUGAGGAGAAAAAAAAAAAAGGCUUUUC,1
GAGGUUUACAUCAGACCCCAGAUUGACAUUCAGUCCCCAGG,0
UUCCGCCCGCUGGUCAUCGCGCCCUUUCCCCUGCCGGUGUC,1
CAGGUGGCACCGAGUCACAGGCUGUGGUCCGGUGGCUGAGC,1
UGCAGAUUCUGAUGCUCACAGUACCACCUCAAGUGCCUCCC,1
ACAUAAUGAAAAGAAAUAGAGAUCGGUGUGUAGGGGGAGUG,1
CAUAUACAGAUGCUCACAUUGUUUUGUUUAUAUGAAAAUGU,0
UGGUGUUUUCUGGAAUCCAUGCCUAGCUCUUUGAUUCUGAA,0
AGAUGAAAGAGGAGAUGAAGGAAGACGUGGACCCCCACAAU,1
GCCCCUGGCCCCCUCCACCUGUCAAGAAGAGGCCAUCCUAU,0
GGGGCAGAGCACUGCAGGGGGAGGGGGGGGUCUAGGCUGUG,1
UCUCCAACGACCUCAAGUACGAUGCGGAGCGCGACCUGCGG,1
GAAGCAUGGUUGUCAACCUGGGACCUGAUGUCCAGUCCAGU,0
AUGAGGAGAGAGAAGAAACGGAAGAGGAAGUUUAUUUGUUG,1
CGCGCUGGCGGCCCCACCACGCCGCUGAGCCCCACGCGCCU,1
GACAUGUUGGAGCCUGGGCAGCCAGAGAAGGGCAUCCUCAC,0
GCGUACACUUGGAGCCUGAUGUCCCAGGUAGAUCGCUGGGC,0
CUCAUUCUAAGGACAUAACAGGUUCUCUUUUUCUCUGGAGA,0
UUGAAGCCAGCAUUAUUAAAGCAUCAGAAAUUAACAAAACC,0
CUACAAAGUGUGGAAGAGCGGCCAGAACCUGAGGGUAGACA,1
AGUUCUAAUGAUAGAGAUGGGAAGGAGAAGUUGGAGAAGAA,1
GUGUUGGGGGGUGGGGGGCGGAGGAGGGUGAGGGGUGCCGC,1
AUCUCACUGCCUGAGCCCAUGGACUGGCUCAGGGGUCUGUC,0
GGGUCCUCUUGGGACCUGAUGUCUACCAGGAUCCUGGUAUC,0
UAUCACGGCGGUGACGACGCGCUGCUCUCUGACUUCUGUGC,1
GUCGAGAGCAGCAGGAAAAGGAAGGGAAGGAAGGAAACAGC,1
GAGCGCAUGCGUGCCGCGGGGGAUGCCGGGAGCGCGCAGUG,1
GGCCUGGGUGUCCACCUGGGGCCUGACUUCCAACUGGAUCU,0
AGGAGGAUAAAAAGAAGCGAGAUCGAGACCGGGUGGAGAAU,1
AAAUAAGGGUAAGAGAAUAUGGAUAUUUAGGCUUAUGGUUA,0
CACCUCACGUCCUCCCGUGCGUCGGGAGCGUCUCGGCUACA,1
GGGAACCGCGCGGUCGCUCAGCAGUGACGUGACACGCAGCC,1
UAAACUUGGAUUUGCCACUAGUUAGAUUUGAGUCCUCAAAC,0
UCGCAGUAGUUAAAAAACUAGAUCCAGGUUGGAAUCCUCAG,1
CUCAUGUCUUUUUCCAGGAAGAAGAAAAAGAAGGACAAAGA,1
GAGCUUCGGACCCGGAAGUGGCGCCCUGGGCUCGCGGCGGU,1
UAAGAAUUGAAGGAUCAUAUGAUGUUCUAUAAAACAUGUGU,0
GUAUGCACUGACAAGCCCACGACUCACGAGAAAACUACCAA,1
AGCUCUAUUUAAAAAGUAAAGACACCCACCGACUCCUGAUC,1
UACUGGGGGUUGCGGGGGGAGGGAUGGCGGGUGGGGGUGGA,1
CUUUGCUACUGGGCUCCUGCGGGGAACAGUAAUGGUCUCUU,0
CAGGAGGAGAGAGGAAAAGGGAGGGCGAGAAUGACCACACA,1
GUCCUCUAAUGAGGUUUCCAGAAGUCACAUUGAAAAUAUUU,0
UGUUAAAGAAGGAAUUGGAAGAGUGAUAGGCAUGGGAGUGC,1
UCACCGGACACAAUCCUGCAGAAGGACACACGACUCUAUUU,1
GCUGAGAGGGAGAGCGCUGAGGUGGUGAAGGAAGGCCUGGC,1
GACUGAAUUAAAACACACAAGAUAUGUUGUUAAACACUAAA,0
UGAGCACCCAGUCCAAGGUAGACACCAUGACCCAGGUGGUC,0
GGCCGGCGGUCGUGGGGCAGGGUUGGGGGUCUGUGCUCAGC,1
AAUUUCUUCAGGUUAUACAAGACUUCCCACAUGCUAUGGCU,0
